{
    "normals":[-5.55112e-17,-1,4.37114e-08,0,1,0,2.6226e-07,-9.09495e-14,-1,1,-1.58947e-07,5.96046e-06,-2.6226e-07,-1.19209e-07,1,-1,3.37759e-07,-4.47035e-06],
    "faces":[43,0,1,2,3,0,0,1,2,3,0,0,0,0,43,4,7,6,5,0,0,1,2,3,1,1,1,1,43,0,4,5,1,0,0,1,2,3,2,2,2,2,43,1,5,6,2,0,0,1,2,3,3,3,3,3,43,2,6,7,3,0,0,1,2,3,4,4,4,4,43,4,0,3,7,0,0,1,2,3,5,5,5,5],
    "metadata":{
        "normals":6,
        "materials":1,
        "generator":"io_three",
        "uvs":1,
        "faces":6,
        "type":"Geometry",
        "vertices":8,
        "version":3
    },
    "materials":[{
        "colorDiffuse":[0.64,0.64,0.64],
        "opacity":1,
        "mapDiffuseRepeat":[1,1],
        "visible":true,
        "transparent":false,
        "colorEmissive":[0,0,0],
        "blending":1,
        "depthWrite":true,
        "DbgColor":15658734,
        "shading":"phong",
        "mapDiffuse":"texture_raam.png",
        "wireframe":false,
        "colorSpecular":[0.5,0.5,0.5],
        "mapDiffuseWrap":["repeat","repeat"],
        "specularCoef":50,
        "DbgIndex":0,
        "mapDiffuseAnisotropy":1,
        "DbgName":"Material",
        "depthTest":true,
        "doubleSided":false
    }],
    "vertices":[-1,-1.31134e-08,-0.3,1.5,-1.31134e-08,-0.3,1.5,-8.74227e-09,-0.2,-1,-8.7423e-09,-0.2,-1,1.5,-0.300001,1.5,1.5,-0.299999,1.5,1.5,-0.2,-1,1.5,-0.2],
    "uvs":[[0,0,1,0,1,1,0,1]]
}