{
    "normals":[0,1,-0,0,1,0,0,1,0,0,-1.14624e-07,-1,0,-1,0,0,-1,0,-0,-1,0,1,-0,0,0,1,-4.58211e-08,1,0,8.40053e-08,6.70552e-07,-3.72529e-08,-1,-0.514496,-0.857493,0,-5.4623e-14,-1,4.58211e-08,0,-1,4.58211e-08,0,-1,4.58211e-08,-8.19344e-14,-1,4.58211e-08,-2.18492e-13,-1,4.58211e-08,-4.06396e-08,-1,4.16555e-08,2.18065e-08,-1,4.47035e-08,-0,1,0,-1,0,-9.16421e-08,-3.53902e-07,3.72529e-08,1,-1,5.96046e-08,-6.10948e-08,-0.514496,-0.857493,-0,-1,5.96046e-08,-6.10948e-08,-1,-2.38419e-07,-1.93715e-07,-1,5.14767e-08,-6.94259e-08,-1,1.79559e-07,1.52737e-08,1,0,7.63685e-08,-1,0,-0,1,2.38419e-07,9.23832e-08,1,1.78814e-07,1.22186e-07,1,5.6897e-15,1.22185e-07,1,1.78814e-07,1.22186e-07,1,1.78814e-07,1.22185e-07,2.08616e-06,-2.08616e-07,-1,-3.27826e-06,8.94062e-08,1,5.96046e-07,0,-1,0,-1,4.58211e-08,-1.53627e-14,-1,4.58211e-08,-1.82076e-14,-1,4.58211e-08,0,0,0,0,-0,1,0,0,1,-1,-0,0,-1,0,0,0,3.72529e-08,1,0,1,-4.58211e-08,-1,-1.42247e-14,-3.05474e-07,0,-4.13922e-08,-1,4.20958e-06,-4.65661e-08,-1,4.20958e-06,-4.65661e-08,-1,2.37396e-09,-4.3827e-08,-1,0,5.21541e-06,-1,3.23814e-07,3.27065e-07,-1,1,0,-0,0,4.3827e-08,1,-4.48415e-09,4.13922e-08,1,-4.24683e-06,4.65661e-08,1,0,4.65662e-08,1,-4.24683e-06,4.65661e-08,1,-3.26679e-07,-4.85363e-06,1,0,1.14624e-07,1,-0,1.14624e-07,1,-0,1.14624e-07,1,-1,-1.82077e-14,-6.10948e-08],
    "faces":[42,13,7,6,0,7,0,1,0,0,0,42,5,4,12,0,2,3,4,1,1,1,42,5,12,14,0,2,4,5,0,0,0,42,15,13,6,0,6,7,1,0,0,0,42,5,14,15,0,2,5,6,2,2,2,42,6,5,15,0,1,2,6,1,1,1,43,50,51,54,49,0,8,9,10,11,3,3,3,3,42,23,22,20,0,16,12,13,4,4,4,42,20,31,29,0,13,14,15,5,5,5,42,20,29,23,0,13,15,16,6,6,6,43,18,17,22,23,0,17,18,19,20,7,7,7,7,43,8,9,26,25,0,21,22,23,24,8,8,8,8,43,17,16,21,22,0,18,25,26,19,9,9,9,9,43,9,17,22,20,0,27,28,29,30,10,10,10,10,42,17,18,19,0,32,33,34,11,11,11,42,19,11,2,0,34,35,36,12,12,12,42,0,1,8,0,38,39,40,13,13,13,42,0,8,16,0,38,40,31,14,14,14,42,19,2,3,0,34,36,37,15,15,15,42,0,16,17,0,38,31,32,16,16,16,42,17,19,3,0,32,34,37,17,17,17,42,17,3,0,0,32,37,38,18,18,18,42,48,45,43,0,45,41,42,19,19,19,42,43,42,46,0,42,43,44,19,19,19,42,43,46,48,0,42,44,45,2,2,2,43,27,28,32,29,0,46,47,48,49,20,20,20,20,42,18,10,27,0,54,50,51,2,2,2,42,27,29,23,0,51,52,53,21,21,21,42,27,23,18,0,51,53,54,21,21,21,42,6,2,11,0,62,55,56,22,22,22,42,10,9,8,0,57,58,59,23,23,23,42,6,11,10,0,62,56,57,24,24,24,42,1,5,6,0,60,61,62,25,25,25,42,6,10,8,0,62,57,59,26,26,26,42,8,1,6,0,59,60,62,27,27,27,43,19,18,23,24,0,63,17,20,64,28,28,28,28,43,37,41,42,38,0,65,66,67,68,29,29,29,29,42,4,0,3,0,76,69,70,30,30,30,42,3,7,13,0,70,71,72,31,31,31,42,13,34,33,0,72,73,74,32,32,32,42,12,4,3,0,75,76,70,33,33,33,42,13,33,12,0,72,74,75,32,32,32,42,3,13,12,0,70,72,75,34,34,34,43,53,52,54,51,0,77,78,79,80,5,5,5,5,43,6,7,3,2,0,81,25,82,83,35,35,35,35,43,1,0,4,5,0,86,87,84,85,36,36,36,36,43,9,10,27,26,0,22,88,89,23,19,19,19,19,42,28,11,19,0,92,90,91,6,6,6,42,19,24,32,0,91,53,52,37,37,37,42,19,32,28,0,91,52,92,37,37,37,42,21,30,31,0,94,93,14,38,38,38,42,31,20,22,0,14,13,12,6,6,6,42,31,22,21,0,14,12,94,39,39,39,43,24,23,29,32,0,95,16,15,96,40,40,40,40,42,16,8,25,0,51,97,98,41,41,41,42,25,30,21,0,98,68,99,42,42,42,42,25,21,16,0,98,99,51,43,43,43,43,54,52,47,49,0,100,101,102,103,44,44,44,44,43,26,27,29,31,0,104,46,49,105,45,45,45,45,43,20,9,26,31,0,106,107,65,29,46,46,46,46,43,10,11,28,27,0,88,108,109,89,47,47,47,47,43,14,35,36,15,0,110,111,91,112,48,48,48,48,42,40,44,41,0,113,114,115,49,49,49,42,34,13,15,0,117,94,118,50,50,50,42,34,15,36,0,117,118,119,51,51,51,42,40,41,37,0,113,115,116,52,52,52,42,34,36,40,0,117,119,113,53,53,53,42,40,37,34,0,113,116,117,54,54,54,42,50,45,48,0,111,120,121,41,41,41,42,48,53,51,0,121,101,100,7,7,7,42,48,51,50,0,121,100,111,55,55,55,42,38,42,43,0,122,123,124,56,56,56,42,38,43,39,0,122,124,125,57,57,57,42,14,12,33,0,127,128,129,58,58,58,42,38,39,35,0,122,125,126,59,59,59,42,35,14,33,0,126,127,129,60,60,60,42,38,35,33,0,122,126,129,61,61,61,43,35,39,40,36,0,130,131,132,133,5,5,5,5,43,34,37,38,33,0,134,135,136,137,1,1,1,1,43,40,39,43,44,0,138,139,140,30,7,7,7,7,42,52,53,48,0,103,141,8,62,62,62,42,46,47,52,0,142,11,103,63,63,63,42,48,46,52,0,8,142,103,64,64,64,43,25,26,31,30,0,143,104,105,144,65,65,65,65,42,45,50,49,0,41,145,146,2,2,2,42,49,47,46,0,146,147,44,1,1,1,42,49,46,42,0,146,44,43,0,0,0,42,44,43,45,0,149,42,41,1,1,1,42,49,42,41,0,146,43,148,0,0,0,42,44,45,49,0,149,41,146,0,0,0,42,49,41,44,0,146,148,149,1,1,1],
    "metadata":{
        "normals":66,
        "materials":1,
        "generator":"io_three",
        "uvs":1,
        "faces":91,
        "type":"Geometry",
        "vertices":55,
        "version":3
    },
    "materials":[{
        "colorDiffuse":[0.64,0.64,0.64],
        "opacity":1,
        "mapDiffuseRepeat":[1,1],
        "visible":true,
        "transparent":false,
        "colorEmissive":[0,0,0],
        "blending":1,
        "depthWrite":true,
        "DbgColor":15658734,
        "shading":"phong",
        "mapDiffuse":"texture_digibord.png",
        "wireframe":false,
        "colorSpecular":[0.5,0.5,0.5],
        "mapDiffuseWrap":["repeat","repeat"],
        "specularCoef":50,
        "DbgIndex":0,
        "mapDiffuseAnisotropy":1,
        "DbgName":"Material",
        "depthTest":true,
        "doubleSided":false
    }],
    "vertices":[-3.57549e-08,0.1,2,-0.2,0.1,2,-0.2,0.0999999,-2,3.33778e-07,0.0999999,-2,-5.12592e-07,2.1,2,-0.2,2.1,2,-0.2,2.1,-2,-2.38498e-08,2.1,-2,-0.2,0.1,1.02439,-0.2,0.1,0.0487804,-0.2,0.1,-0.0487806,-0.2,0.1,-1.02439,-2.74181e-07,2.1,0.0487805,-2.62261e-07,2.1,-0.0487805,-0.1,2.1,0.04878,-0.1,2.1,-0.0487809,-0.1,0.1,1.02439,-0.0999999,0.1,0.0487804,-0.0999999,0.1,-0.0487805,-0.0999998,0.1,-1.02439,-0.2,0,0.0487804,-0.1,4.47035e-08,1.02439,-0.0999999,0,0.0487804,-0.0999999,0,-0.0487805,-0.0999998,-4.47035e-08,-1.02439,-0.3,0.1,1.02439,-0.3,0.1,0.0487804,-0.3,0.1,-0.0487806,-0.3,0.1,-1.02439,-0.3,0,-0.0487806,-0.3,4.47035e-08,1.02439,-0.3,0,0.0487804,-0.3,-4.47035e-08,-1.02439,-2.74181e-07,2.5,0.0487804,-2.62261e-07,2.5,-0.0487805,-0.1,2.42,0.04878,-0.1,2.42,-0.0487809,-1.3,2.5,-0.0487809,-1.3,2.5,0.04878,-1.20769,2.42,0.04878,-1.20769,2.42,-0.0487809,-1.3,2.33,-0.0487809,-1.3,2.33,0.04878,-1.20769,2.33,0.04878,-1.20769,2.33,-0.0487809,-0.9,2.33,0.04878,-1.3,2.33,0.16378,-1.315,2.33,0.16378,-0.9,2.33,0.16378,-1.315,2.33,-0.16378,-0.9,2.33,-0.16378,-0.9,2.2,-0.16378,-1.315,2.2,0.16378,-0.9,2.2,0.16378,-1.315,2.2,-0.16378],