{
    "vertices":[-0.492529,0.053683,-0.109998,-0.505818,0.0536829,0.08956,-0.492529,1.45368,-0.109998,-0.505818,1.45368,0.08956,0.500357,0.053683,0.0300938,0.496877,0.053683,0.0823509,0.500357,1.45368,0.0300938,0.496877,1.45368,0.0823509,-0.50371,0.0536829,0.0579042,-0.50371,1.45368,0.0579042,0.497429,1.45368,0.0740613,0.497429,0.053683,0.0740614,-0.493956,1.45368,-0.0885713,0.499983,1.45368,0.0357048,0.499983,0.053683,0.0357048,-0.493956,0.053683,-0.0885712,-0.473526,1.45368,-0.107317,-0.486627,1.45368,0.089422,-0.473526,0.053683,-0.107317,-0.486627,0.053683,0.089422,-0.484548,0.0536829,0.0582134,-0.484548,1.45368,0.0582134,-0.474933,1.45368,-0.0861926,-0.474933,0.053683,-0.0861927,0.497429,1.45368,0.0740613,0.497429,0.053683,0.0740614,0.499983,1.45368,0.0357048,0.499983,0.053683,0.0357048,-0.484548,0.0536829,0.0582134,-0.474933,0.053683,-0.0861927,0.497429,1.45368,0.0740613,0.497429,0.053683,0.0740614,0.499983,1.45368,0.0357048,0.499983,0.053683,0.0357048,-0.484548,0.0536829,0.0582134,-0.474933,0.053683,-0.0861927,-0.493956,1.49783,-0.0885713,-0.492529,1.49783,-0.109998,-0.473526,1.49783,-0.107317,-0.486627,1.49783,0.089422,0.496877,1.49783,0.0823509,0.499983,1.49783,0.0357048,0.500357,1.49783,0.0300938,-0.505818,1.49783,0.08956,-0.50371,1.49783,0.0579042,0.497429,1.49783,0.0740613,-0.484548,1.49783,0.0582134,-0.474933,1.49783,-0.0861926,-0.50371,4.29407e-06,0.0579042,-0.505818,4.39082e-06,0.08956,0.499983,4.34078e-06,0.0357048,0.500357,4.34053e-06,0.0300938,-0.473526,4.33453e-06,-0.107317,-0.486627,4.39081e-06,0.089422,-0.493956,4.33535e-06,-0.0885712,0.496877,4.34282e-06,0.0823509,0.497429,4.34246e-06,0.0740614,-0.484548,4.29408e-06,0.0582134,-0.492529,4.33441e-06,-0.109998,-0.474933,4.33545e-06,-0.0861927,0.55087,1.45368,0.042778,0.551244,1.45368,0.0382087,0.551244,0.053683,0.0382087,0.547764,1.45368,0.0807644,0.547764,0.053683,0.0807645,0.55087,0.053683,0.042778,0.548316,1.45368,0.0740138,0.548316,0.053683,0.0740138,0.55087,4.34109e-06,0.042778,0.548316,1.49783,0.0740138,0.551244,1.49783,0.0382087,0.55087,1.49783,0.042778,0.547764,1.49783,0.0807644,0.551244,4.34089e-06,0.0382087,0.547764,4.34275e-06,0.0807645,0.548316,4.34245e-06,0.0740138],
    "normals":[-0.99779,-8.19064e-11,-0.0664415,0.00719143,0,0.999974,-4.05658e-12,-1,4.37204e-08,0.0311608,2.15901e-08,0.999514,0.139712,-1.62329e-08,-0.990192,0.00719027,5.32296e-09,0.999974,0.0161367,-3.53322e-08,-0.99987,0,0,0,0,1,0,-0.99779,-1.98255e-09,-0.0664418,-0.99779,-3.20669e-09,-0.0664427,0.00718952,0,0.999974,0.157479,-6.39723e-08,-0.987522,-0.99779,-2.13622e-09,-0.0664416,-0.124068,0,0.992274,-0.124068,0,0.992274,0.0161367,-4.29639e-08,-0.99987,0.00718954,8.11645e-09,0.999974,0.139712,-4.73908e-08,-0.990192,0.0071891,0,0.999974,0.139712,8.58034e-07,-0.990192,0.99779,1.01397e-09,0.0664433,4.08079e-08,-1,-2.01115e-07,0,1,0,0.0311601,0,0.999514,-0.99779,-2.59763e-09,-0.0664415,-0.99779,0,-0.0664418,-0.99779,0,-0.0664427,0.157479,1.71455e-08,-0.987522,0.99779,0,0.0664405,0.139714,9.18965e-07,-0.990192,-1.35493e-08,-1,3.07688e-06,2.29776e-08,-1,-2.82615e-07,-4.13169e-12,-1,4.37098e-08,-1.66861e-13,-1,4.37139e-08,-1.07785e-08,-1,2.45748e-06,0.99779,0,0.0664405,-0.99779,0,-0.0664418,-0.99779,0,-0.0664427,0.139712,0,-0.990192,0.139712,-1.41124e-07,-0.990192,0.00718956,0,0.999974,0.996673,1.95425e-09,0.0815071,0.996673,0,0.0815067,0.996672,4.3954e-08,0.0815173,0.996673,7.02195e-09,0.081505,0.996673,0,0.0815075,0.996671,5.77454e-09,0.0815296,-0.137675,6.85961e-08,0.990477,0.157479,-5.26087e-08,-0.987522,-0.000933607,-2.39479e-08,-1,-0.137674,8.34127e-08,0.990478,-0.000932948,0,-1,-0.137675,1.31505e-08,0.990478,4.01884e-12,-1,4.36868e-08,0.0311615,0,0.999514,-0.000934266,0,-1],
    "metadata":{
        "generator":"io_three",
        "normals":57,
        "faces":74,
        "uvs":1,
        "vertices":76,
        "version":3,
        "type":"Geometry",
        "materials":1
    },
    "faces":[43,8,1,3,9,0,0,1,2,3,0,0,0,0,43,3,17,39,43,0,2,4,4,2,1,1,1,1,43,55,56,75,74,0,5,6,6,5,2,2,2,2,43,7,5,64,63,0,7,5,5,7,3,3,3,3,43,16,6,4,18,0,8,9,10,11,4,4,4,4,43,17,3,1,19,0,4,2,1,12,5,5,5,5,43,20,11,56,57,0,13,14,14,13,6,6,6,6,43,11,20,28,25,0,6,15,15,6,7,7,7,7,43,22,21,10,13,0,16,17,18,19,8,8,8,8,43,15,8,9,12,0,20,0,3,21,9,9,9,9,43,0,15,12,2,0,22,20,21,23,10,10,10,10,43,17,7,40,39,0,4,7,7,4,11,11,11,11,43,6,42,70,61,0,9,9,9,9,12,12,12,12,43,1,8,48,49,0,1,0,0,1,13,13,13,13,43,14,23,59,50,0,24,25,25,24,14,14,14,14,43,22,13,41,47,0,26,27,27,26,15,15,15,15,43,10,21,46,45,0,28,29,29,28,16,16,16,16,43,13,10,24,26,0,19,18,18,19,7,7,7,7,43,7,17,19,5,0,7,4,12,5,17,17,17,17,43,18,0,2,16,0,11,22,23,8,18,18,18,18,43,19,1,49,53,0,12,1,1,12,19,19,19,19,43,6,16,38,42,0,9,8,8,9,20,20,20,20,43,26,24,30,32,0,19,18,18,19,7,7,7,7,43,27,26,32,33,0,30,31,31,30,7,7,7,7,43,20,23,29,28,0,15,32,32,15,7,7,7,7,43,10,11,25,24,0,33,6,6,33,7,7,7,7,43,14,13,26,27,0,30,31,31,30,7,7,7,7,43,23,14,27,29,0,32,30,30,32,7,7,7,7,43,32,30,31,33,0,19,18,34,35,21,21,21,21,43,33,31,34,35,0,35,34,36,37,22,22,22,22,43,28,29,35,34,0,15,32,32,15,7,7,7,7,43,25,28,34,31,0,6,15,15,6,7,7,7,7,43,24,25,31,30,0,33,6,6,33,7,7,7,7,43,29,27,33,35,0,32,30,30,32,7,7,7,7,43,46,39,40,45,0,38,4,7,33,8,8,8,8,43,38,47,41,42,0,8,39,31,9,23,23,23,23,43,37,36,47,38,0,23,21,39,8,8,8,8,8,43,36,44,46,47,0,21,3,38,39,8,8,8,8,43,44,43,39,46,0,3,2,4,38,8,8,8,8,43,5,55,74,64,0,5,5,5,5,24,24,24,24,43,9,3,43,44,0,3,2,2,3,25,25,25,25,43,12,9,44,36,0,21,3,3,21,26,26,26,26,43,2,12,36,37,0,23,21,21,23,27,27,27,27,43,4,6,61,62,0,10,9,9,10,28,28,28,28,43,21,22,47,46,0,29,26,26,29,29,29,29,29,43,16,2,37,38,0,8,23,23,8,30,30,30,30,43,57,53,49,48,0,15,12,1,0,31,31,31,31,43,59,57,48,54,0,32,15,0,20,32,32,32,32,43,52,59,54,58,0,11,32,20,22,33,33,33,33,43,51,50,59,52,0,10,30,32,11,34,34,34,34,43,56,55,53,57,0,6,5,12,15,35,35,35,35,43,23,20,57,59,0,32,15,15,32,36,36,36,36,43,8,15,54,48,0,0,20,20,0,37,37,37,37,43,45,40,72,69,0,33,7,7,33,8,8,8,8,43,15,0,58,54,0,20,22,22,20,38,38,38,38,43,0,18,52,58,0,22,11,11,22,39,39,39,39,43,18,4,51,52,0,11,10,10,11,40,40,40,40,43,5,19,53,55,0,5,12,12,5,41,41,41,41,43,66,63,64,67,0,33,7,5,6,42,42,42,42,43,67,64,74,75,0,6,5,5,6,43,43,43,43,43,61,60,65,62,0,9,31,30,10,44,44,44,44,43,60,61,70,71,0,31,9,9,31,45,45,45,45,43,63,66,69,72,0,7,33,33,7,46,46,46,46,43,62,65,68,73,0,10,30,30,10,47,47,47,47,43,14,50,68,65,0,24,24,24,24,48,48,48,48,43,51,4,62,73,0,10,10,10,10,49,49,49,49,43,11,10,66,67,0,14,40,40,14,50,50,50,50,43,41,13,60,71,0,27,27,27,27,51,51,51,51,43,10,45,69,66,0,28,28,28,28,52,52,52,52,43,13,14,65,60,0,41,24,24,41,53,53,53,53,43,50,51,73,68,0,30,10,10,30,54,54,54,54,43,42,41,71,70,0,9,31,31,9,8,8,8,8,43,40,7,63,72,0,7,7,7,7,55,55,55,55,43,56,11,67,75,0,14,14,14,14,56,56,56,56],
    "materials":[{
        "DbgIndex":0,
        "transparent":false,
        "specularCoef":50,
        "mapDiffuse":"Map.png",
        "shading":"phong",
        "wireframe":false,
        "depthWrite":true,
        "mapDiffuseRepeat":[1,1],
        "depthTest":true,
        "colorSpecular":[0.5,0.5,0.5],
        "visible":true,
        "colorEmissive":[0,0,0],
        "opacity":1,
        "DbgColor":15658734,
        "mapDiffuseWrap":["repeat","repeat"],
        "blending":1,
        "colorDiffuse":[0.64,0.64,0.64],
        "doubleSided":false,
        "DbgName":"Material.001",
        "mapDiffuseAnisotropy":1
    }],