{
    "normals":[-5.9212e-14,-1,4.37114e-08,0,1,0,1,6.3862e-08,4.7187e-07,-1.13249e-05,-1.0644e-07,1,-1,-1.91586e-07,-3.72529e-07,9.53673e-06,2.55448e-07,-1],
    "faces":[43,0,1,2,3,0,0,1,2,3,0,0,0,0,43,4,7,6,5,0,4,5,6,7,1,1,1,1,43,0,4,5,1,0,8,9,10,11,2,2,2,2,43,1,5,6,2,0,12,13,14,15,3,3,3,3,43,2,6,7,3,0,16,17,18,19,4,4,4,4,43,4,0,3,7,0,13,12,20,21,5,5,5,5],
    "metadata":{
        "normals":6,
        "materials":1,
        "generator":"io_three",
        "uvs":1,
        "faces":6,
        "type":"Geometry",
        "vertices":8,
        "version":3
    },
    "materials":[{
        "colorDiffuse":[0.64,0.64,0.64],
        "opacity":1,
        "mapDiffuseRepeat":[1,1],
        "visible":true,
        "transparent":false,
        "colorEmissive":[0,0,0],
        "blending":1,
        "depthWrite":true,
        "DbgColor":15658734,
        "shading":"phong",
        "mapDiffuse":"texture_poster1.png",
        "wireframe":false,
        "colorSpecular":[0.5,0.5,0.5],
        "mapDiffuseWrap":["repeat","repeat"],
        "specularCoef":50,
        "DbgIndex":0,
        "mapDiffuseAnisotropy":1,
        "DbgName":"Material",
        "depthTest":true,
        "doubleSided":false
    }],
    "vertices":[0.05,-2.62268e-08,-0.6,0.05,2.62268e-08,0.6,-1.04308e-07,2.62268e-08,0.6,3.72529e-07,-2.62269e-08,-0.6,0.0500005,1.4,-0.6,0.0499994,1.4,0.600001,-3.42727e-07,1.4,0.6,7.45058e-08,1.4,-0.6],
    "uvs":[[0.939706,0.8125,0.939706,0.9625,0.933823,0.9625,0.933823,0.8125,0.939706,0.8125,0.933823,0.8125,0.933824,0.6625,0.939706,0.6625,0.713235,0.0416668,0.713235,0.916667,0.00735289,0.916666,0.00735337,0.0416667,0.927941,0.8375,0.927941,0.6625,0.933823,0.6625,0.933823,0.8375,0.780882,0.8375,0.780882,0.6625,0.922059,0.6625,0.922059,0.8375,0.922059,0.8375,0.922059,0.6625]]
}