{
    "normals":[-1,-3.35276e-07,-7.45058e-07,1.58494e-06,-3.97364e-08,-1,-9.4374e-07,-2.23518e-07,1,0,-1,4.37114e-08,0,1,0,-9.39224e-07,3.97364e-08,1,-8.60955e-07,3.97364e-08,1,-9.68575e-07,1.98682e-08,1,1,3.73215e-14,7.04419e-07,1,1.11758e-07,9.4374e-07,0,1,0,-0,1,0,0,1,-0,-0,1,-0,-1,-1.49286e-13,-1.81975e-06,6.95388e-07,5.58793e-07,-1,9.68575e-07,4.09782e-07,-1,6.45716e-07,5.96047e-07,-1,1.07619e-06,3.72529e-07,-1,5.51339e-14,1,-4.40262e-08],
    "faces":[43,6,7,3,2,0,0,1,2,3,0,0,0,0,43,15,11,17,19,0,0,1,2,3,1,1,1,1,43,5,6,2,1,0,0,1,2,3,2,2,2,2,43,0,1,2,3,0,0,1,2,3,3,3,3,3,42,12,13,14,0,9,4,5,4,4,4,42,14,18,16,0,5,6,7,5,5,5,42,16,10,12,0,7,8,9,6,6,6,42,14,16,12,0,5,7,9,7,7,7,43,8,9,13,12,0,0,1,2,3,4,4,4,4,43,14,15,19,18,0,0,1,2,3,8,8,8,8,43,1,0,4,5,0,2,3,0,1,9,9,9,9,42,14,13,9,0,10,5,11,10,10,10,42,4,8,12,0,14,15,16,11,11,11,42,4,12,10,0,14,16,17,4,4,4,42,14,9,7,0,10,11,6,12,12,12,42,15,14,7,0,4,10,6,12,12,12,42,5,4,10,0,13,14,17,13,13,13,42,5,10,11,0,13,17,18,11,11,11,42,15,7,6,0,4,6,12,11,11,11,42,5,11,15,0,13,18,4,4,4,4,42,15,6,5,0,4,12,13,10,10,10,43,10,16,17,11,0,0,1,2,3,14,14,14,14,42,4,0,3,0,9,4,5,15,15,15,42,3,7,9,0,5,6,7,16,16,16,42,8,4,3,0,8,9,5,17,17,17,42,3,9,8,0,5,7,8,18,18,18,43,18,19,17,16,0,0,1,2,3,19,19,19,19],
    "metadata":{
        "normals":20,
        "materials":1,
        "generator":"io_three",
        "uvs":1,
        "faces":27,
        "type":"Geometry",
        "vertices":20,
        "version":3
    },
    "materials":[{
        "colorDiffuse":[0.64,0.64,0.64],
        "opacity":1,
        "mapDiffuseRepeat":[1,1],
        "visible":true,
        "transparent":false,
        "colorEmissive":[0,0,0],
        "blending":1,
        "depthWrite":true,
        "DbgColor":15658734,
        "shading":"phong",
        "mapDiffuse":"texture_prullenbak.png",
        "wireframe":false,
        "colorSpecular":[0.5,0.5,0.5],
        "mapDiffuseWrap":["repeat","repeat"],
        "specularCoef":50,
        "DbgIndex":0,
        "mapDiffuseAnisotropy":1,
        "DbgName":"Material",
        "depthTest":true,
        "doubleSided":false
    }],
    "vertices":[0.3,-1.31134e-08,-0.3,0.3,1.31134e-08,0.3,-0.3,1.31134e-08,0.3,-0.3,-1.31134e-08,-0.3,0.300001,0.8,-0.3,0.299999,0.8,0.300001,-0.3,0.8,0.3,-0.3,0.8,-0.3,0.115385,0.8,-0.3,-0.0230767,0.8,-0.3,0.253847,0.8,-0.253846,0.253846,0.8,0.253847,0.115385,0.8,-0.253846,-0.0230767,0.8,-0.253846,-0.253846,0.8,-0.253846,-0.253846,0.8,0.253846,0.253847,0.0500002,-0.253846,0.253846,0.0500002,0.253847,-0.253846,0.0500002,-0.253846,-0.253846,0.0500002,0.253846],
    "uvs":[[0,0,1,0,1,1,0,1,0.5,1,0.933013,0.75,0.933013,0.25,0.5,0,0.0669873,0.25,0.0669873,0.75,0.75,0.933013,1,0.5,0.75,0.0669873,0.5,0,0.25,0.0669872,0.0669874,0.25,0,0.5,0.0669872,0.75,0.25,0.933013]]
}