{
    "uvs":[[0.146545,0.382075,0.146545,0.617925,0.103363,0.664445,0.103363,0.335555,0.854093,0.617925,0.894489,0.664258,0.854093,0.382075,0.894489,0.335742,0.965531,0.335742,0.0314863,0.664445,0.0314863,0.335555,0.965531,0.664258]],
    "normals":[-0.811887,0.583815,-3.87566e-08,0,-6.20882e-08,-1,-0.753752,-4.90127e-08,-0.65716,0,6.20882e-08,1,0,-1,4.37115e-08,0,1,-7.45058e-08,0,0,1,-0.753752,3.26751e-08,0.657159,0.833377,-0.552705,2.35487e-08,0.833377,0.552705,-3.5323e-08,0,1,-5.34287e-08,-0.811887,-0.583815,2.71296e-08,0.732914,-4.69664e-08,-0.680321,0.732915,3.13109e-08,0.680321,1,0,0,0,-1,5.34894e-08,0,1,-5.34894e-08,-0,0,-1,-1,0,0,0,-1,5.34287e-08,0,0,-1,-0,0,1],
    "vertices":[-0.3,1.80369e-06,0.1,-0.3,0.120002,0.1,-0.3,1.79494e-06,-0.1,-0.3,0.120002,-0.1,0.3,1.80369e-06,0.1,0.3,0.120002,0.1,0.3,1.79494e-06,-0.1,0.3,0.120002,-0.1,0.334256,0.0683506,-0.139291,0.334256,0.051653,-0.139291,0.334256,0.051653,0.139291,0.334256,0.0683506,0.139291,-0.336618,0.0509252,-0.139449,-0.336618,0.0509252,0.139449,-0.336618,0.0690784,0.139449,-0.336618,0.0690784,-0.139449,0.394499,0.0683506,-0.139291,0.394499,0.051653,-0.139291,0.394499,0.051653,0.139291,0.394499,0.0683506,0.139291,-0.39757,0.0509252,-0.139449,-0.39757,0.0509252,0.139449,-0.39757,0.0690784,0.139449,-0.39757,0.0690784,-0.139449],
    "materials":[{
        "blending":1,
        "specularCoef":50,
        "DbgColor":15658734,
        "transparent":false,
        "mapDiffuseAnisotropy":1,
        "visible":true,
        "mapDiffuseWrap":["repeat","repeat"],
        "opacity":1,
        "colorEmissive":[0,0,0],
        "colorDiffuse":[0.64,0.64,0.64],
        "DbgName":"Material.001",
        "shading":"phong",
        "depthTest":true,
        "wireframe":false,
        "doubleSided":false,
        "mapDiffuseRepeat":[1,1],
        "colorSpecular":[0.5,0.5,0.5],
        "DbgIndex":0,
        "depthWrite":true,
        "mapDiffuse":"Snack.png"
    }],
    "metadata":{
        "uvs":1,
        "vertices":24,
        "normals":22,
        "type":"Geometry",
        "version":3,
        "faces":22,
        "materials":1,
        "generator":"io_three"
    },
    "faces":[43,1,3,15,14,0,0,1,2,3,0,0,0,0,43,2,3,7,6,0,1,1,4,4,1,1,1,1,43,6,7,8,9,0,4,4,5,5,2,2,2,2,43,1,0,4,5,0,0,0,6,6,3,3,3,3,43,4,0,2,6,0,6,0,1,4,4,4,4,4,43,7,3,1,5,0,4,1,0,6,5,5,5,5,43,11,10,18,19,0,7,7,8,8,6,6,6,6,43,5,4,10,11,0,6,6,7,7,7,7,7,7,43,4,6,9,10,0,6,4,5,7,8,8,8,8,43,7,5,11,8,0,4,6,7,5,9,9,9,9,43,14,15,23,22,0,3,2,9,10,10,10,10,10,43,2,0,13,12,0,1,0,3,2,11,11,11,11,43,3,2,12,15,0,1,1,2,2,12,12,12,12,43,0,1,14,13,0,0,0,3,3,13,13,13,13,43,17,16,19,18,0,11,11,8,8,14,14,14,14,43,10,9,17,18,0,7,5,11,8,15,15,15,15,43,8,11,19,16,0,5,7,8,11,16,16,16,16,43,9,8,16,17,0,5,5,11,11,17,17,17,17,43,21,22,23,20,0,10,10,9,9,18,18,18,18,43,12,13,21,20,0,2,3,10,9,19,19,19,19,43,15,12,20,23,0,2,2,9,9,20,20,20,20,43,13,14,22,21,0,3,3,10,10,21,21,21,21]
}