{
    "normals":[1,-0,0,1,0,-0,1,-1.66308e-07,1.06437e-07,1,-0,-0,1,1.45519e-07,9.31323e-08,0,6.36509e-08,1,-0,5.29161e-08,1,0,5.63896e-08,1,1.91883e-07,6.36509e-08,1,-7.45057e-07,0,1,-3.86247e-08,6.03512e-08,1,-1.06437e-07,0,1,-9.93411e-08,1.5522e-07,1,1,1.12644e-14,1.06437e-07,1,-0,0,1,-1.41109e-08,9.93411e-08,0,-1,0,0,-1,5.32184e-08,0,-1,5.32184e-08,0,-1,-0,-5.6644e-15,-1,5.32184e-08,-0,-1,0,0,-1,5.32184e-08,-1,0,0,-1,0,0,-1,0,-2.12874e-07,-1,-0,-0,-1,-2.25289e-14,-2.12874e-07,-1,0,-0,-1,2.82219e-08,-1.98682e-07,-0,-5.06154e-08,-1,3.38663e-08,-5.29161e-08,-1,0,1,0,9.93411e-08,-1.5522e-07,-1,0,-6.03512e-08,-1,9.93411e-08,-1.55221e-07,-1,4.07366e-08,-6.36509e-08,-1,0,-1.05832e-07,-1,0,0,0,4.62593e-15,1,-4.65661e-08,0,1,-5.32184e-08,-4.96705e-08,1,0,3.5479e-09,1,-5.32184e-08,1,0,0,0,-6.36509e-08,-1,0,6.36509e-08,1,0,-6.36509e-08,-1,0,6.36509e-08,1,0,-6.36509e-08,-1,0,5.29161e-08,1,-0,1,0,0,-0,-1,0,-1,0,-0,-0,-1,3.28484e-07,0,-1,-1.87114e-07,3.74228e-06,-1,1,0,2.48353e-08,1,-0,2.73188e-08,1,1.19209e-06,-0,-0,-1,-0,1.60691e-06,0,-1,0,0,-1,-1.99488e-07,-3.36374e-06,-1,0,-2.3559e-06,-1,-0,0,-1,-0,-0,-1,9.29407e-15,-1,4.96705e-08,-9.15289e-08,-1,2.53737e-08,0,-1,5.46376e-08,1.72018e-08,-1,6.06143e-08,0,-1,5.46376e-08,2.77593e-08,-1,6.15635e-08,0,-1,6.07084e-08,-1.23182e-07,-1,6.8297e-08,-2.72488e-14,1,-2.73188e-07,-1.90846e-14,-1,2.73188e-07,0,1,-4.96705e-08,1.75595e-12,1,-1.09275e-06,-1.90846e-14,-1,2.73188e-07,2.19494e-13,1,-2.73188e-07,-1.19209e-07,0,1,0,-0,1,-3.28484e-07,-4.18549e-06,1,0,0,1,1,0,-0,1.39718e-07,0,-1,1.60691e-06,-2.47396e-05,-1,-0,0,-1,-1,0,-0,1,0,0,0,1,-3.03542e-08,-1,-0,0,-0,0,1,-0,0,1,-1.60691e-06,0,1,-1.39718e-07,1.65003e-06,1,-1.16081e-12,2.3559e-06,1,-1,0,3.03542e-08,0,-0,1,0,0,1,0,-1,-3.03542e-08,1,0,-3.03542e-08,0,1,-2.73188e-07],
    "faces":[42,0,38,39,0,0,1,2,0,0,0,42,0,39,14,0,0,2,3,1,1,1,42,33,34,1,0,5,6,7,1,1,1,42,0,14,8,0,0,3,4,2,2,2,42,8,33,1,0,4,5,7,3,3,3,42,0,8,1,0,0,4,7,4,4,4,42,3,37,38,0,0,8,9,5,5,5,42,4,45,46,0,11,4,12,6,6,6,42,46,22,23,0,12,13,14,7,7,7,42,46,23,9,0,12,14,15,8,8,8,42,4,46,9,0,11,12,15,9,9,9,42,3,38,0,0,0,9,10,10,10,10,42,4,9,3,0,11,15,0,11,11,11,42,3,0,4,0,0,10,11,12,12,12,42,48,50,49,0,0,16,17,13,13,13,42,45,4,18,0,4,18,19,14,14,14,42,48,49,45,0,0,17,4,15,15,15,42,48,45,18,0,0,4,19,0,0,0,42,17,3,9,0,27,0,20,16,16,16,42,16,5,10,0,16,2,17,17,17,17,42,17,9,16,0,27,20,16,16,16,16,42,8,14,17,0,25,26,27,18,18,18,42,7,12,20,0,22,23,24,19,19,19,42,20,8,17,0,24,25,27,18,18,18,42,17,16,10,0,27,16,17,20,20,20,42,15,7,20,0,21,22,24,21,21,21,42,17,10,15,0,27,17,21,22,22,22,42,15,20,17,0,21,24,27,20,20,20,42,6,41,42,0,0,28,29,23,23,23,42,42,2,10,0,29,30,31,24,24,24,42,5,21,22,0,32,33,34,24,24,24,42,6,42,10,0,0,29,31,24,24,24,42,11,6,10,0,39,0,31,25,25,25,42,5,22,46,0,32,34,35,26,26,26,42,11,10,5,0,39,31,32,25,25,25,42,51,52,47,0,36,37,38,27,27,27,42,11,5,46,0,39,32,35,28,28,28,42,46,51,47,0,35,36,38,29,29,29,42,46,47,11,0,35,38,39,24,24,24,42,2,42,43,0,45,0,40,30,30,30,42,2,43,13,0,45,40,41,31,31,31,42,12,7,2,0,18,44,45,32,32,32,42,2,13,1,0,45,41,17,33,33,33,42,1,34,35,0,17,42,43,34,34,34,42,12,2,1,0,18,45,17,35,35,35,42,1,35,12,0,17,43,18,36,36,36,43,50,52,51,49,0,46,47,48,49,37,37,37,37,43,7,15,28,25,0,46,47,48,49,38,38,38,38,43,16,9,23,24,0,46,47,48,49,0,0,0,0,42,18,4,0,0,7,0,1,32,32,32,42,0,1,13,0,1,2,3,39,39,39,42,19,6,11,0,4,5,6,40,40,40,42,0,13,19,0,1,3,4,41,41,41,42,19,11,18,0,4,6,7,40,40,40,42,0,19,18,0,1,4,7,42,42,42,43,19,13,43,44,0,46,47,48,49,43,43,43,43,43,22,21,24,23,0,46,47,48,49,21,21,21,21,43,5,16,24,21,0,46,47,48,49,44,44,44,44,43,25,28,32,29,0,46,47,48,49,0,0,0,0,43,15,10,27,28,0,46,47,48,49,38,38,38,38,43,2,7,25,26,0,46,47,48,49,38,38,38,38,43,10,2,26,27,0,46,47,48,49,38,38,38,38,43,31,30,29,32,0,46,47,48,49,21,21,21,21,43,27,26,30,31,0,46,47,48,49,24,24,24,24,43,28,27,31,32,0,46,47,48,49,45,45,45,45,43,26,25,29,30,0,46,47,48,49,46,46,46,46,43,36,35,34,33,0,46,47,48,49,21,21,21,21,43,8,20,36,33,0,46,47,48,49,47,47,47,47,43,20,12,35,36,0,46,47,48,49,24,24,24,24,43,37,40,39,38,0,46,47,48,49,21,21,21,21,43,3,17,40,37,0,46,47,48,49,24,24,24,24,43,17,14,39,40,0,46,47,48,49,48,48,48,48,43,42,41,44,43,0,46,47,48,49,32,32,32,32,43,6,19,44,41,0,46,47,48,49,49,49,49,49,43,45,49,51,46,0,46,47,48,49,50,50,50,50,43,18,11,47,48,0,46,47,48,49,51,51,51,51,43,48,47,52,50,0,46,47,48,49,52,52,52,52,42,55,56,60,1,54,50,51,53,53,53,42,60,59,62,1,51,52,53,54,54,54,42,60,62,55,1,51,53,54,55,55,55,42,59,60,58,1,59,55,56,56,56,56,42,58,57,61,1,56,57,58,57,57,57,42,58,61,59,1,56,58,59,58,58,58,43,54,56,55,53,1,60,61,62,63,24,24,24,24,42,75,74,77,1,69,64,65,59,59,59,42,78,64,63,1,66,67,68,16,16,16,42,75,77,78,1,69,65,66,19,19,19,42,78,63,75,1,66,68,69,16,16,16,42,94,104,99,1,70,71,72,60,60,60,42,99,106,112,1,72,73,74,61,61,61,42,96,84,82,1,75,76,77,53,53,53,42,99,112,96,1,72,74,75,62,62,62,42,81,79,94,1,79,80,70,61,61,61,42,94,99,96,1,70,72,75,63,63,63,42,96,82,80,1,75,77,78,64,64,64,42,80,81,94,1,78,79,70,65,65,65,42,94,96,80,1,70,75,78,51,51,51,42,75,63,53,1,69,68,81,16,16,16,42,53,55,62,1,81,82,83,66,66,66,42,62,67,71,1,83,84,85,19,19,19,42,70,69,68,1,86,87,88,38,38,38,42,53,62,71,1,81,83,85,67,67,67,42,70,68,61,1,86,88,89,38,38,38,42,53,71,70,1,81,85,86,68,68,68,42,73,74,75,1,93,64,69,16,16,16,42,75,53,70,1,69,81,86,69,69,69,42,70,61,57,1,86,89,90,70,70,70,42,57,64,78,1,90,67,66,16,16,16,42,78,77,76,1,66,65,91,38,38,38,42,73,75,70,1,93,69,86,71,71,71,42,72,73,70,1,92,93,86,72,72,72,42,57,78,76,1,90,66,91,16,16,16,42,72,70,57,1,92,86,90,73,73,73,42,57,76,72,1,90,91,92,16,16,16,43,96,112,111,95,1,94,95,96,97,74,74,74,74,43,100,107,108,101,1,98,99,100,101,75,75,75,75,42,66,67,62,1,102,84,83,52,52,52,42,59,61,68,1,103,89,88,16,16,16,42,65,66,62,1,104,102,83,16,16,16,42,59,68,65,1,103,88,104,16,16,16,42,62,59,65,1,83,103,104,19,19,19,43,60,56,54,58,1,105,106,107,108,76,76,76,76,43,94,93,97,104,1,109,110,111,112,77,77,77,77,43,99,98,105,106,1,113,114,115,116,78,78,78,78,43,91,103,102,89,1,117,118,109,119,79,79,79,79,43,104,97,98,99,1,120,121,122,123,14,14,14,14,42,57,58,54,1,129,124,125,80,80,80,42,54,53,63,1,125,126,127,81,81,81,42,64,57,54,1,128,129,125,82,82,82,42,54,63,64,1,125,127,128,83,83,83,42,84,96,95,1,135,130,131,28,28,28,42,95,77,74,1,131,132,133,24,24,24,42,74,73,84,1,133,134,135,24,24,24,42,95,74,84,1,131,133,135,24,24,24,43,103,100,101,102,1,136,137,138,139,84,84,84,84,42,102,101,108,1,147,140,141,85,85,85,42,108,110,92,1,141,142,143,65,65,65,42,92,66,65,1,143,144,145,53,53,53,42,89,102,108,1,146,147,141,86,86,86,42,92,65,89,1,143,145,146,87,87,87,42,108,92,89,1,141,143,146,64,64,64,43,112,106,105,111,1,148,149,122,121,88,88,88,88,42,93,94,79,1,154,150,151,84,84,84,42,79,72,76,1,151,152,153,89,89,89,42,79,76,93,1,151,153,154,0,0,0,42,83,82,84,1,155,77,76,61,61,61,42,73,72,79,1,156,157,80,61,61,61,42,79,81,83,1,80,79,155,38,38,38,42,83,84,73,1,155,76,156,61,61,61,42,83,73,79,1,155,156,80,65,65,65,43,81,87,85,83,1,158,159,160,161,90,90,90,90,42,92,90,71,1,166,162,163,91,91,91,42,67,66,92,1,164,165,166,24,24,24,42,71,67,92,1,163,164,166,24,24,24,42,93,76,77,1,174,167,168,92,92,92,42,95,111,105,1,169,170,171,83,83,83,42,93,77,95,1,174,168,169,93,93,93,42,98,97,93,1,172,173,174,94,94,94,42,95,105,98,1,169,171,172,95,95,95,42,95,98,93,1,169,172,174,96,96,96,43,69,70,85,87,1,175,176,177,178,81,81,81,81,43,83,85,86,82,1,179,180,181,182,97,97,97,97,43,91,89,65,68,1,183,184,185,186,89,89,89,89,42,90,109,107,1,187,188,189,83,83,83,42,107,100,103,1,189,190,191,83,83,83,42,91,68,69,1,192,193,175,92,92,92,42,107,103,91,1,189,191,192,93,93,93,42,70,71,90,1,176,196,187,83,83,83,42,90,107,91,1,187,189,192,98,98,98,42,91,69,87,1,192,175,178,92,92,92,42,91,87,88,1,192,178,194,92,92,92,42,85,70,90,1,177,176,187,92,92,92,42,91,88,86,1,192,194,195,93,93,93,42,86,85,90,1,195,177,187,92,92,92,42,90,91,86,1,187,192,195,99,99,99,43,82,86,88,80,1,197,198,159,199,100,100,100,100,43,80,88,87,81,1,200,201,202,181,101,101,101,101,43,110,108,107,109,1,203,204,205,206,88,88,88,88,43,92,110,109,90,1,207,208,209,184,102,102,102,102],