{
    "vertices":[-0.4,4.6,1.20648,-0.4,8,1.20648,-0.4,4.6,-1.19352,-0.4,8,-1.19352,0.4,4.6,1.20648,0.4,8,1.20648,0.4,4.6,-1.19352,0.4,8,-1.19352,-0.4,-1.00584e-06,-1.19352,-0.4,8,-1.19352,-0.4,-1.25937e-06,-6.99352,-0.4,8,-6.99352,0.4,-1.00584e-06,-1.19352,0.4,8,-1.19352,0.4,-1.25937e-06,-6.99352,0.4,8,-6.99352,-0.4,-6.47411e-07,7.00648,-0.4,8,7.00648,-0.4,-9.00937e-07,1.20648,-0.4,8,1.20648,0.4,-6.47411e-07,7.00648,0.4,8,7.00648,0.4,-9.00937e-07,1.20648,0.4,8,1.20648],
    "normals":[-1,0,0,0,-3.50616e-08,-1,1,0,0,0,3.50616e-08,1,0,-1,0,0,1,0,-1,0,0,0,-5.96046e-08,-1,1,0,0,0,4.47035e-08,1,0,-1,4.37114e-08,0,1,-8.22133e-08,0,-4.47035e-08,-1,0,5.96046e-08,1,0,-1,4.37114e-08,0,1,-8.22133e-08],
    "metadata":{
        "generator":"io_three",
        "normals":16,
        "faces":18,
        "uvs":1,
        "vertices":24,
        "version":3,
        "type":"Geometry",
        "materials":1
    },
    "faces":[43,0,1,3,2,0,0,1,2,3,0,0,0,0,43,2,3,7,6,0,0,1,2,3,1,1,1,1,43,6,7,5,4,0,0,1,2,3,2,2,2,2,43,1,0,4,5,0,2,3,0,1,3,3,3,3,43,4,0,2,6,0,2,3,0,1,4,4,4,4,43,7,3,1,5,0,0,1,2,3,5,5,5,5,43,8,9,11,10,0,0,1,2,3,6,6,6,6,43,10,11,15,14,0,0,1,2,3,7,7,7,7,43,14,15,13,12,0,0,1,2,3,8,8,8,8,43,12,13,9,8,0,0,1,2,3,9,9,9,9,43,10,14,12,8,0,0,1,2,3,10,10,10,10,43,15,11,9,13,0,0,1,2,3,11,11,11,11,43,16,17,19,18,0,0,1,2,3,6,6,6,6,43,18,19,23,22,0,0,1,2,3,12,12,12,12,43,22,23,21,20,0,0,1,2,3,8,8,8,8,43,20,21,17,16,0,0,1,2,3,13,13,13,13,43,18,22,20,16,0,0,1,2,3,14,14,14,14,43,23,19,17,21,0,0,1,2,3,15,15,15,15],
    "materials":[{
        "DbgIndex":0,
        "transparent":false,
        "specularCoef":50,
        "mapDiffuse":"Wall.png",
        "shading":"phong",
        "wireframe":false,
        "depthWrite":true,
        "mapDiffuseRepeat":[1,1],
        "depthTest":true,
        "colorSpecular":[0.5,0.5,0.5],
        "visible":true,
        "colorEmissive":[0,0,0],
        "opacity":1,
        "DbgColor":15658734,
        "mapDiffuseWrap":["repeat","repeat"],
        "blending":1,
        "colorDiffuse":[0.64,0.64,0.64],
        "doubleSided":false,
        "DbgName":"Material.001",
        "mapDiffuseAnisotropy":1
    }],
    "uvs":[[0,0,1,0,1,1,0,1]]
}