{
    "uvs":[[0.495644,0.0561132,0.488861,0.0561132,0.384854,0.20201,0.384854,0.214788,0.755129,0.214788,0.755129,0.20201,0.306392,0.940489,0.450792,0.186248,0.50393,0.040497,0.503929,0.223397,0.618746,0.223398,0.618746,0.040497,0.0542077,0.969942,0.0542079,0.493486,0.340497,0.493486,0.340496,0.969942,0.31225,0.150828,0.31225,0.2033,0.044641,0.2033,0.044641,0.150828,0.256954,0.108213,0.256954,0.187573,0.0028787,0.187573,0.0028787,0.108213,0.424543,0.152985,0.424543,0.205893,0.694371,0.205893,0.694371,0.152985,0.558849,0.0242312,0.568679,0.0242312,0.492941,0.204759,0.508689,0.204759,0.438576,0.163528,0.438576,0.174241,0.735511,0.174241,0.735511,0.163528,0.43374,0.164779,0.678608,0.174871,0.678608,0.160269,0.45684,0.152182,0.710915,0.152182,0.0119333,0.119628,0.0119333,0.198988,0.266009,0.198988,0.266009,0.119628,0.687968,0.206428,0.687968,0.196879,0.488861,0.230445,0.495644,0.230445,0.558849,0.276868,0.568679,0.276868,0.711162,0.181372,0.711162,0.102012,0.411288,0.206428,0.411288,0.196879,0.0480069,0.969942,0.338079,0.969942,0.337396,0.971492,0.337396,0.495036,0.421339,0.176947,0.688947,0.176947,0.531093,0.180386,0.531093,0.194353,0.546841,0.194353,0.546841,0.180386,0.413434,0.188153,0.413434,0.174185,0.66751,0.188153,0.66751,0.174185,0.743469,0.188137,0.489394,0.188137,0.32364,0.502787,0.0464569,0.502787,0.28779,0.516739,0.492941,0.125398,0.508689,0.125398,0.549695,0.156182,0.549695,0.170785,0.565444,0.170785,0.565444,0.156182,0.675261,0.167034,0.675261,0.181636,0.504739,0.118078,0.504739,0.197438,0.663106,0.192224,0.663106,0.206191,0.40903,0.206191,0.40903,0.192224,0.694356,0.160269,0.694356,0.174871,0.492751,0.143403,0.492751,0.222763,0.477002,0.222763,0.477002,0.143403,0.678854,0.192224,0.678854,0.206191,0.724602,0.184698,0.415231,0.168971,0.669307,0.168971,0.68323,0.160028,0.68323,0.170451,0.394324,0.170451,0.394324,0.160028,0.502924,0.155478,0.701349,0.164779,0.424532,0.174871,0.424532,0.160269,0.457086,0.102012,0.421185,0.181636,0.421185,0.167034]],
    "materials":[{
        "shading":"phong",
        "DbgColor":15658734,
        "colorDiffuse":[0.64,0.64,0.64],
        "DbgIndex":0,
        "doubleSided":false,
        "mapDiffuseWrap":["repeat","repeat"],
        "blending":1,
        "mapDiffuseAnisotropy":1,
        "depthTest":true,
        "visible":true,
        "wireframe":false,
        "colorSpecular":[0.5,0.5,0.5],
        "depthWrite":true,
        "opacity":1,
        "colorEmissive":[0,0,0],
        "specularCoef":50,
        "transparent":false,
        "mapDiffuse":"BookLayout.png",
        "DbgName":"Material.001",
        "mapDiffuseRepeat":[1,1]
    }],
    "faces":[43,17,3,31,30,0,0,1,1,0,0,0,0,0,43,9,3,7,10,0,2,3,4,5,1,1,1,1,43,5,26,52,46,0,6,6,6,6,2,2,2,2,43,8,24,34,28,0,7,7,7,7,3,3,3,3,43,4,0,16,18,0,10,11,8,9,4,4,4,4,43,19,17,1,5,0,12,13,14,15,5,5,5,5,43,14,11,8,15,0,16,17,18,19,6,6,6,6,43,23,20,11,14,0,20,21,22,23,7,7,7,7,43,12,9,10,13,0,24,25,26,27,8,8,8,8,43,2,16,41,37,0,28,29,29,28,9,9,9,9,43,21,9,39,38,0,30,31,31,30,0,0,0,0,43,2,12,13,6,0,32,33,34,35,10,10,10,10,43,4,18,61,59,0,10,9,9,10,11,11,11,11,43,57,15,66,69,0,36,36,36,36,12,12,12,12,43,23,18,44,51,0,37,38,38,37,13,13,13,13,43,15,22,67,66,0,39,40,40,39,14,14,14,14,43,15,8,21,22,0,41,42,43,44,15,15,15,15,43,26,27,53,52,0,45,46,46,45,16,16,16,16,43,7,3,17,19,0,47,1,0,48,17,17,17,17,43,2,6,18,16,0,28,49,50,29,18,18,18,18,43,20,23,51,50,0,51,52,52,51,13,13,13,13,43,9,21,33,32,0,31,30,30,31,9,9,9,9,43,27,26,25,24,0,46,45,53,54,19,19,19,19,43,19,5,46,45,0,55,56,56,55,20,20,20,20,43,5,1,25,26,0,57,58,58,57,21,21,21,21,43,8,11,27,24,0,59,60,60,59,22,22,22,22,43,33,30,31,32,0,61,62,63,64,23,23,23,23,43,29,28,34,35,0,65,66,66,65,24,24,24,24,43,28,29,30,33,0,66,65,67,68,25,25,25,25,43,3,9,32,31,0,3,2,2,3,26,26,26,26,43,24,25,35,34,0,54,53,53,54,27,27,27,27,43,21,8,28,33,0,69,70,70,69,28,28,28,28,43,1,17,30,29,0,71,72,72,71,20,20,20,20,43,25,1,29,35,0,73,73,73,73,29,29,29,29,43,40,38,39,36,0,74,30,31,75,30,30,30,30,43,41,40,36,37,0,76,77,78,79,31,31,31,31,43,16,22,40,41,0,80,81,81,80,27,27,27,27,43,9,12,36,39,0,25,24,24,25,32,32,32,32,43,22,21,38,40,0,82,83,83,82,27,27,27,27,43,12,2,37,36,0,33,32,32,33,32,32,32,32,43,50,45,46,49,0,84,85,86,87,33,33,33,33,43,43,42,51,44,0,88,89,37,38,7,7,7,7,43,42,48,50,51,0,90,91,92,93,7,7,7,7,43,48,47,45,50,0,94,95,85,84,7,7,7,7,43,49,46,52,53,0,87,86,86,87,33,33,33,33,43,6,13,42,43,0,35,34,34,35,34,34,34,34,43,27,11,49,53,0,96,96,96,96,35,35,35,35,43,11,20,50,49,0,97,98,98,97,36,36,36,36,43,18,6,43,44,0,50,49,49,50,37,37,37,37,43,10,7,47,48,0,5,4,4,5,34,34,34,34,43,7,19,45,47,0,47,48,48,47,38,38,38,38,43,13,10,48,42,0,27,26,26,27,34,34,34,34,43,55,54,57,56,0,99,100,101,102,19,19,19,19,43,0,4,55,56,0,11,10,10,11,39,39,39,39,43,14,54,62,58,0,103,103,103,103,2,2,2,2,43,14,15,57,54,0,104,36,36,104,40,40,40,40,43,61,60,58,59,0,38,37,105,106,7,7,7,7,43,59,58,62,63,0,106,105,105,106,7,7,7,7,43,23,14,58,60,0,52,107,107,52,41,41,41,41,43,55,4,59,63,0,10,10,10,10,35,35,35,35,43,54,55,63,62,0,100,99,99,100,13,13,13,13,43,18,23,60,61,0,38,37,37,38,34,34,34,34,43,66,65,68,69,0,108,109,109,108,42,42,42,42,43,65,66,67,64,0,109,108,81,80,43,43,43,43,43,22,16,64,67,0,81,80,80,81,32,32,32,32,43,16,0,65,64,0,8,11,11,8,11,11,11,11,43,0,56,68,65,0,11,11,11,11,44,44,44,44,43,56,57,69,68,0,102,101,101,102,27,27,27,27],
    "normals":[0,-0,1,-1,7.45058e-08,0,0,0,1,-1.86265e-07,-1.86265e-07,-1,-3.9562e-08,-4.96705e-08,-1,3.9562e-08,4.96705e-08,1,1,-7.45058e-08,0,0,1,0,-1,7.45058e-08,0,0,0,-1,-1,7.45058e-08,0,-3.9562e-08,0,-1,1.86265e-07,1.86265e-07,1,1,0,0,4.45073e-08,1.86265e-07,1,-7.41787e-08,-1,3.1665e-08,1,0,0,1.59565e-07,4.34617e-08,1,-1.59565e-07,-4.34617e-08,-1,1,-7.45058e-08,0,3.9562e-08,0,1,0,4.96705e-08,1,0,-4.34617e-08,-1,-7.97827e-08,-1,4.49787e-08,-9.31323e-08,-1,4.49787e-08,-7.41787e-08,-1,4.49786e-08,-1,0,0,1,-0,0,-4.45072e-08,-1.86265e-07,-1,0,-0,1,-7.97827e-08,-1,4.74975e-08,-7.97827e-08,-1,4.30231e-08,-1,0,0,0,1,0,-1,-0,0,0,-0,-1,-4.94525e-08,0,-1,-1.59565e-07,-3.72529e-07,-1,1.59565e-07,3.72529e-07,1,0,-4.96705e-08,-1,0,4.34617e-08,1,4.94525e-08,0,1,-9.31323e-08,-1,4.30231e-08,-7.41787e-08,-1,4.3023e-08,0,0,-1],
    "vertices":[0.4,0.0457409,-0.16,0.4,0.0457409,0.16,-0.4,0.0457409,-0.16,-0.4,0.0457409,0.16,0.4,1.24574,-0.16,0.4,1.24574,0.16,-0.4,1.24574,-0.16,-0.4,1.24574,0.16,0.4,0.0457409,0.118588,-0.4,0.0457409,0.118588,-0.4,1.24574,0.118588,0.4,1.24574,0.118588,-0.4,0.0457409,-0.116706,-0.4,1.24574,-0.116706,0.4,1.24574,-0.116706,0.4,0.0457409,-0.116706,-0.353307,0.0457409,-0.16,-0.353307,0.0457409,0.16,-0.353307,1.24574,-0.16,-0.353307,1.24574,0.16,-0.353307,1.24574,0.118588,-0.353307,0.0457409,0.118588,-0.353307,0.0457409,-0.116706,-0.353307,1.24574,-0.116706,0.42,0.0457409,0.118588,0.42,0.0457409,0.16,0.42,1.24574,0.16,0.42,1.24574,0.118588,0.4,0.0257409,0.118588,0.4,0.0257409,0.16,-0.353307,0.025741,0.16,-0.4,0.025741,0.16,-0.4,0.025741,0.118588,-0.353307,0.025741,0.118588,0.42,0.0257409,0.118588,0.42,0.0257409,0.16,-0.4,0.0257409,-0.116706,-0.4,0.0257409,-0.16,-0.353307,0.025741,0.118588,-0.4,0.025741,0.118588,-0.353307,0.0257409,-0.116706,-0.353307,0.0257409,-0.16,-0.4,1.26574,-0.116706,-0.4,1.26574,-0.16,-0.353307,1.26574,-0.16,-0.353307,1.26574,0.16,0.4,1.26574,0.16,-0.4,1.26574,0.16,-0.4,1.26574,0.118588,0.4,1.26574,0.118588,-0.353307,1.26574,0.118588,-0.353307,1.26574,-0.116706,0.42,1.26574,0.16,0.42,1.26574,0.118588,0.42,1.24574,-0.116706,0.42,1.24574,-0.16,0.42,0.0457409,-0.16,0.42,0.0457409,-0.116706,0.4,1.26574,-0.116706,0.4,1.26574,-0.16,-0.353307,1.26574,-0.116706,-0.353307,1.26574,-0.16,0.42,1.26574,-0.116706,0.42,1.26574,-0.16,-0.353307,0.0257409,-0.16,0.4,0.0257409,-0.16,0.4,0.0257409,-0.116706,-0.353307,0.0257409,-0.116706,0.42,0.0257409,-0.16,0.42,0.0257409,-0.116706],
    "metadata":{
        "uvs":1,
        "normals":45,
        "version":3,
        "generator":"io_three",
        "materials":1,
        "type":"Geometry",
        "faces":68,
        "vertices":70
    }
}