{
    "vertices":[-0.4,1.18017e-05,7.26432e-06,-0.4,1.18017e-05,0.100007,-0.4,2.10001,7.26432e-06,-0.4,2.10001,0.100007,0.4,1.18017e-05,7.26432e-06,0.4,1.18017e-05,0.100007,0.4,2.10001,7.26432e-06,0.4,2.10001,0.100007],
    "faces":[43,0,1,3,2,0,0,1,2,3,0,0,0,0,43,2,3,7,6,0,4,5,6,7,1,1,1,1,43,6,7,5,4,0,3,2,1,0,2,2,2,2,43,1,0,4,5,0,10,11,8,9,3,3,3,3,43,4,0,2,6,0,14,15,12,13,4,4,4,4,43,7,3,1,5,0,16,17,18,19,5,5,5,5],
    "normals":[-1,-0,0,0,1,0,1,-0,0,-0,-1,0,0,-0,-1,0,-0,1],
    "uvs":[[0.201971,0.827215,0.201971,0.859746,0.657404,0.859746,0.657404,0.827215,0.489017,0.622136,0.489017,0.654667,0.749264,0.654667,0.749264,0.622136,0.61959,0.699436,0.61959,0.73031,0.372597,0.73031,0.372597,0.699436,0.0112835,0.554718,0.0112833,0.988251,0.769966,0.988251,0.769967,0.554718,0.0122599,0.461884,0.0122601,0.0371395,0.988606,0.0371398,0.988606,0.461884]],
    "materials":[{
        "colorDiffuse":[0.64,0.64,0.64],
        "mapDiffuseWrap":["repeat","repeat"],
        "blending":1,
        "wireframe":false,
        "DbgName":"Material.001",
        "transparent":false,
        "mapDiffuseRepeat":[1,1],
        "DbgColor":15658734,
        "depthTest":true,
        "colorSpecular":[0.5,0.5,0.5],
        "opacity":1,
        "colorEmissive":[0,0,0],
        "visible":true,
        "DbgIndex":0,
        "shading":"phong",
        "specularCoef":50,
        "mapDiffuse":"Keyboard.png",
        "doubleSided":false,
        "mapDiffuseAnisotropy":1,
        "depthWrite":true
    }],
    "metadata":{
        "vertices":8,
        "faces":6,
        "normals":6,
        "generator":"io_three",
        "materials":1,
        "uvs":1,
        "type":"Geometry",
        "version":3
    }
}