{
    "vertices":[-0.680217,2.14324,-0.0900001,-0.680217,2.14324,0.0899999,0.680217,2.14324,-0.0900001,0.680217,2.14324,0.0899999,-0.680217,0.0167703,-0.09,-0.680217,0.0167703,0.09,0.680217,0.0167705,-0.09,0.680217,0.0167705,0.09,-0.72,2.16001,0.0299999,0.72,2.16001,0.0299999,0.72,7.43997e-06,0.03,-0.72,7.29692e-06,0.03,0.72,2.16001,-0.0385715,0.72,7.43697e-06,-0.0385714,-0.72,7.29392e-06,-0.0385715,-0.72,2.16001,-0.0385716],
    "normals":[-9.34202e-08,0.963118,0.26908,0.833439,7.09235e-08,0.552612,8.74147e-08,-0.963118,0.269079,-0.833439,-2.11262e-08,0.552612,3.83363e-08,-4.55484e-08,-1,-3.83363e-08,4.55484e-08,1,-1,-5.51895e-08,0,9.93411e-08,-1,4.37164e-08,1,5.51895e-08,0,-1.65568e-07,1,0,-6.83983e-08,0.950769,-0.309902,0.790967,1.6708e-08,-0.611859,1.09898e-07,-0.950769,-0.309901,-0.790967,-7.10089e-08,-0.611859],
    "metadata":{
        "generator":"io_three",
        "normals":14,
        "faces":14,
        "uvs":1,
        "vertices":16,
        "version":3,
        "type":"Geometry",
        "materials":1
    },
    "faces":[43,8,1,3,9,0,0,1,2,3,0,0,0,0,43,9,3,7,10,0,3,2,4,5,1,1,1,1,43,10,7,5,11,0,5,4,6,7,2,2,2,2,43,11,5,1,8,0,7,6,1,0,3,3,3,3,43,4,0,2,6,0,6,1,2,4,4,4,4,4,43,7,3,1,5,0,8,9,10,11,5,5,5,5,43,14,11,8,15,0,7,7,0,0,6,6,6,6,43,13,10,11,14,0,5,5,7,7,7,7,7,7,43,12,9,10,13,0,3,3,5,5,8,8,8,8,43,15,8,9,12,0,0,0,3,3,9,9,9,9,43,0,15,12,2,0,1,0,3,2,10,10,10,10,43,2,12,13,6,0,2,3,5,4,11,11,11,11,43,6,13,14,4,0,4,5,7,6,12,12,12,12,43,15,0,4,14,0,0,1,6,7,13,13,13,13],
    "materials":[{
        "DbgIndex":0,
        "transparent":false,
        "specularCoef":50,
        "mapDiffuse":"Laptop.png",
        "shading":"phong",
        "wireframe":false,
        "depthWrite":true,
        "mapDiffuseRepeat":[1,1],
        "depthTest":true,
        "colorSpecular":[0.5,0.5,0.5],
        "visible":true,
        "colorEmissive":[0,0,0],
        "opacity":1,
        "DbgColor":15658734,
        "mapDiffuseWrap":["repeat","repeat"],
        "blending":1,
        "colorDiffuse":[0.64,0.64,0.64],
        "doubleSided":false,
        "DbgName":"Material.001",
        "mapDiffuseAnisotropy":1
    }],
    "uvs":[[0.0550959,0.630839,0.0580976,0.637962,0.0580976,0.881569,0.0550959,0.888693,0.438875,0.881569,0.441877,0.888693,0.438875,0.637962,0.441877,0.630839,1,0.480534,0,0.480534,0,0,1,0]]
}