{
    "metadata":{
        "uvs":1,
        "materials":1,
        "normals":6,
        "type":"Geometry",
        "bones":3,
        "generator":"io_three",
        "version":3,
        "faces":6,
        "vertices":8
    },
    "uvs":[[0.792969,0.714844,0.792969,0.96875,0.699219,0.96875,0.699219,0.714844,0.625,0.96875,0.625,0.714844,0.527344,0.96875,0.527344,0.714844,0.867188,0.714844,0.867188,0.96875,0.875,0.890625,0.875,0.816406,0.96875,0.816406,0.96875,0.890625,0.875,0.96875,0.96875,0.96875]],
    "materials":[{
        "mapDiffuseRepeat":[1,1],
        "wireframe":false,
        "mapDiffuse":"Character.png",
        "shading":"phong",
        "specularCoef":50,
        "blending":1,
        "colorEmissive":[0,0,0],
        "mapDiffuseAnisotropy":1,
        "mapDiffuseWrap":["repeat","repeat"],
        "colorSpecular":[0.5,0.5,0.5],
        "opacity":1,
        "DbgName":"Material.001",
        "DbgIndex":0,
        "transparent":false,
        "DbgColor":15658734,
        "depthTest":true,
        "depthWrite":true,
        "doubleSided":false,
        "colorDiffuse":[0.64,0.64,0.64],
        "visible":true
    }],
    "skinWeights":[0.976961,0,0.138478,0,0.991803,0,0.840146,0,0.981978,0,0.476149,0,0.985385,0,0.536321,0],
    "skinIndices":[1,0,1,0,1,0,1,0,1,0,1,0,1,0,1,0],
    "bones":[{
        "rotq":[-0,-0.707107,0,0.707107],
        "pos":[0,-0.012333,0],
        "name":"Shoulder_R",
        "scl":[1,1,1],
        "parent":-1
    },{
        "rotq":[-0.5,0.5,0.5,0.5],
        "pos":[-0,-0,-1.0886],
        "name":"Arm_R",
        "scl":[1,1,1],
        "parent":0
    },{
        "rotq":[0,-0,0,1],
        "pos":[0,0,-1.67841],
        "name":"Hand_R",
        "scl":[1,1,1],
        "parent":1
    }],
    "faces":[43,0,1,3,2,0,0,1,2,3,0,0,0,0,43,2,3,7,6,0,3,2,4,5,1,1,1,1,43,6,7,5,4,0,5,4,6,7,2,2,2,2,43,1,0,4,5,0,1,0,8,9,3,3,3,3,43,4,0,2,6,0,12,13,10,11,4,4,4,4,43,7,3,1,5,0,14,10,13,15,5,5,5,5],
    "normals":[-1,0,0,0,-0,-1,1,0,0,0,0,1,0,-1,0,0,1,-0],
    "animations":[{
        "length":0.041667,
        "hierarchy":[{
            "keys":[{
                "time":0.041667,
                "pos":[0,-0.012333,0],
                "scl":[1,1,1],
                "rot":[-0,-0.707107,0,0.707107]
            }],
            "parent":-1
        },{
            "keys":[{
                "time":0.041667,
                "pos":[-0,-0,-1.0886],
                "scl":[1,1,1],
                "rot":[-0.225659,0.670133,0.225659,0.670133]
            }],
            "parent":0
        },{
            "keys":[{
                "time":0.041667,
                "pos":[0,0,-1.67841],
                "scl":[1,1,1],
                "rot":[0,-0,0,1]
            }],
            "parent":1
        }],
        "name":"Idle",
        "fps":24
    },{
        "length":0.583333,
        "hierarchy":[{
            "keys":[{
                "time":0,
                "pos":[0,-0.012333,0],
                "scl":[1,1,1],
                "rot":[-0,-0.965036,0,0.262119]
            },{
                "time":0.166667,
                "pos":[0,-0.012333,0],
                "scl":[1,1,1],
                "rot":[-0,-0.675077,0,0.737747]
            },{
                "time":0.333333,
                "pos":[0,-0.012333,0],
                "scl":[1,1,1],
                "rot":[-0,-0.40918,0,0.912453]
            },{
                "time":0.583333,
                "pos":[0,-0.012333,0],
                "scl":[1,1,1],
                "rot":[-0,-0.707107,0,0.707107]
            }],
            "parent":-1
        },{
            "keys":[{
                "time":0,
                "pos":[0,-0,-1.0886],
                "scl":[1,1,1],
                "rot":[-0.003918,0.950941,-0.001275,0.309345]
            },{
                "time":0.166667,
                "pos":[-0,-0,-1.0886],
                "scl":[1,1,1],
                "rot":[0.006187,0.692823,-0.012087,0.720979]
            },{
                "time":0.333333,
                "pos":[0,0,-1.0886],
                "scl":[1,1,1],
                "rot":[-0.030406,0.461662,0.025088,0.88618]
            },{
                "time":0.583333,
                "pos":[-0,-0,-1.0886],
                "scl":[1,1,1],
                "rot":[-0.5,0.5,0.5,0.5]
            }],
            "parent":0
        },{
            "keys":[{
                "time":0,
                "pos":[0,0,-1.67841],
                "scl":[1,1,1],
                "rot":[0,0,0,1]
            },{
                "time":0.166667,
                "pos":[-0,0,-1.67841],
                "scl":[1,1,1],
                "rot":[0,0,0,1]
            },{
                "time":0.333333,
                "pos":[0,-0,-1.67841],
                "scl":[1,1,1],
                "rot":[0,0,0,1]
            },{
                "time":0.583333,
                "pos":[0,0,-1.67841],
                "scl":[1,1,1],
                "rot":[0,-0,0,1]
            }],
            "parent":1
        }],
        "name":"Punch",
        "fps":24
    },{
        "length":0.041667,
        "hierarchy":[{
            "keys":[{
                "time":0.041667,
                "pos":[0,-0.012333,0],
                "scl":[1,1,1],
                "rot":[-0,-0.965036,0,0.262119]
            }],
            "parent":-1
        },{
            "keys":[{
                "time":0.041667,
                "pos":[0,-0,-1.0886],
                "scl":[1,1,1],
                "rot":[-0.003918,0.950941,-0.001275,0.309345]
            }],
            "parent":0
        },{
            "keys":[{
                "time":0.041667,
                "pos":[0,0,-1.67841],
                "scl":[1,1,1],
                "rot":[0,0,0,1]
            }],
            "parent":1
        }],
        "name":"Run",
        "fps":24
    },{
        "length":0.583333,
        "hierarchy":[{
            "keys":[{
                "time":0,
                "pos":[0,-0.012333,0],
                "scl":[1,1,1],
                "rot":[-0,-0.965036,0,0.262119]
            },{
                "time":0.166667,
                "pos":[0,-0.012333,0],
                "scl":[1,1,1],
                "rot":[-0,-0.594849,0,0.803838]
            },{
                "time":0.333333,
                "pos":[0,-0.012333,0],
                "scl":[1,1,1],
                "rot":[-0,-0.468705,0,0.883355]
            },{
                "time":0.583333,
                "pos":[0,-0.012333,0],
                "scl":[1,1,1],
                "rot":[-0,-0.707107,0,0.707107]
            }],
            "parent":-1
        },{
            "keys":[{
                "time":0,
                "pos":[0,-0,-1.0886],
                "scl":[1,1,1],
                "rot":[-0.03727,0.939177,0.15101,0.30619]
            },{
                "time":0.166667,
                "pos":[0,-0,-1.0886],
                "scl":[1,1,1],
                "rot":[-0.106395,0.609621,0.095933,0.779641]
            },{
                "time":0.333333,
                "pos":[-0,-0,-1.0886],
                "scl":[1,1,1],
                "rot":[-0.196193,0.483192,0.153611,0.839307]
            },{
                "time":0.583333,
                "pos":[-0,-0,-1.0886],
                "scl":[1,1,1],
                "rot":[-0.5,0.5,0.5,0.5]
            }],
            "parent":0
        },{
            "keys":[{
                "time":0,
                "pos":[-0,0,-1.67841],
                "scl":[1,1,1],
                "rot":[0,-0,0,1]
            },{
                "time":0.166667,
                "pos":[-0,-0,-1.67841],
                "scl":[1,1,1],
                "rot":[-0,0,0,1]
            },{
                "time":0.333333,
                "pos":[-0,-0,-1.67841],
                "scl":[1,1,1],
                "rot":[-0,-0,0,1]
            },{
                "time":0.583333,
                "pos":[0,0,-1.67841],
                "scl":[1,1,1],
                "rot":[0,-0,0,1]
            }],
            "parent":1
        }],
        "name":"WeaponAttack",
        "fps":24
    }],