{
    "materials":[{
        "shading":"phong",
        "wireframe":false,
        "mapDiffuseWrap":["repeat","repeat"],
        "colorEmissive":[0,0,0],
        "colorSpecular":[0.5,0.5,0.5],
        "DbgColor":15658734,
        "colorDiffuse":[0.64,0.64,0.64],
        "depthTest":true,
        "specularCoef":50,
        "DbgIndex":0,
        "mapDiffuse":"Tablet.png",
        "transparent":false,
        "blending":1,
        "visible":true,
        "mapDiffuseRepeat":[1,1],
        "doubleSided":false,
        "DbgName":"Material.001",
        "depthWrite":true,
        "mapDiffuseAnisotropy":1,
        "opacity":1
    }],
    "metadata":{
        "materials":1,
        "version":3,
        "normals":50,
        "type":"Geometry",
        "uvs":1,
        "generator":"io_three",
        "vertices":56,
        "faces":54
    },
    "vertices":[-0.557252,1.72229,0.08288,0.562747,1.72229,0.0828799,-0.557252,1.72229,-0.08512,0.562747,1.72229,-0.0851201,-0.557252,0.0422904,0.0828801,0.562748,0.0422907,0.08288,-0.557252,0.0422904,-0.0851199,0.562748,0.0422907,-0.0851201,-0.588086,1.76456,0.04088,0.593581,1.76456,0.0408799,-0.588085,1.99455e-05,0.0408801,0.593581,2.01958e-05,0.04088,0.593581,1.76456,-0.0498401,-0.588085,1.99415e-05,-0.0498399,-0.588086,1.76456,-0.04984,0.593581,2.01919e-05,-0.04984,0.469987,1.72229,0.0828799,0.469987,1.72229,-0.0851201,0.469987,0.0422906,-0.08512,0.469987,0.0422906,0.08288,0.495713,2.01958e-05,0.04088,0.495713,1.76456,0.0408799,0.495713,2.01919e-05,-0.04984,0.495713,1.76456,-0.0498401,-0.467628,1.72229,-0.08512,-0.467627,0.0422904,-0.0851199,-0.467627,0.0422904,0.0828801,-0.493526,1.99455e-05,0.0408801,-0.493526,1.76456,0.04088,-0.493526,1.99415e-05,-0.0498399,-0.493526,1.76456,-0.04984,-0.467628,1.72229,0.08288,-0.557252,1.68786,-0.08512,0.562747,1.68786,-0.0851201,-0.557252,1.68786,0.08288,0.562747,1.68786,0.0828799,0.593581,1.7284,0.0408799,-0.588086,1.7284,0.04088,-0.588086,1.7284,-0.04984,0.593581,1.7284,-0.0498401,0.469987,1.68786,0.0828799,0.469987,1.68786,-0.0851201,-0.467628,1.68786,-0.08512,-0.467628,1.68786,0.08288,0.562748,0.0732743,-0.0851201,-0.557252,0.073274,0.0828801,0.593581,0.032563,0.04088,0.593581,0.032563,-0.04984,0.469987,0.0732742,-0.08512,-0.467627,0.073274,-0.0851199,-0.557252,0.073274,-0.0851199,0.562748,0.0732743,0.08288,-0.588085,0.0325627,0.0408801,-0.588085,0.0325627,-0.0498399,0.469987,0.0732742,0.08288,-0.467627,0.073274,0.0828801],
    "uvs":[[0.043005,0.693121,0.043005,0.714999,0.0524544,0.708106,0.0524544,0.68737,0.266246,0.500996,0.266246,0.538242,0.278687,0.538242,0.278687,0.500996,0.437464,0.693121,0.437464,0.714999,0.428014,0.708106,0.428014,0.68737,0.180449,0.709981,0.180449,0.747226,0.166626,0.747226,0.166626,0.709981,0.430189,0.45084,0.437464,0.45084,0.428014,0.457733,0.421088,0.457733,0.164172,0.759607,0.149653,0.759607,0.149653,0.72031,0.043005,0.471979,0.428014,0.477769,0.437464,0.471979,0.166626,0.333506,0.149653,0.323107,0.180449,0.333506,0.421088,0.477769,0.421088,0.68737,0.0524544,0.477769,0.043005,0.45084,0.0524544,0.457733,0.858159,0.285139,0.858159,0.323107,0.841187,0.333506,0.841187,0.297519,0.180449,0.297519,0.166626,0.297519,0.149653,0.285139,0.797496,0.317051,0.797496,0.353037,0.149199,0.353037,0.149199,0.317051,0.0601503,0.477769,0.0601503,0.457733,0.0601503,0.68737,0.961279,0.665331,0.961279,0.878156,0.59479,0.878156,0.59479,0.665331,0.421088,0.708106,0.0601503,0.708106,0.0510881,0.714999,0.430189,0.714999,0.0510881,0.45084,0.607459,0.200215,0.607459,0.237461,0.136111,0.237461,0.136111,0.200215,0.78064,0.348653,0.78064,0.385898,0.768199,0.385898,0.768199,0.348653,0.761108,0.0776466,0.761108,0.454121,0.748668,0.454121,0.748668,0.0776466,0.828746,0.333506,0.828746,0.297519]],
    "normals":[-4.8803e-07,0.640769,-0.767734,-1.60641e-07,0,-1,4.20187e-07,-0.704834,0.709372,1.60641e-07,0,1,-0.806101,0,0.591778,0.806101,3.16548e-08,0.591778,1,0,0,-1,0,-0,3.12612e-15,-1,4.37103e-08,-3.48447e-07,0.704833,0.709373,1.99649e-07,-0.64077,-0.767733,-0.752966,0,-0.65806,0.752966,-3.52002e-08,-0.658059,0,1,-0,-3.61518e-07,1,0,3.51144e-08,-0.64077,-0.767733,-3.44729e-08,0.704834,0.709373,2.53062e-07,-1,4.37103e-08,1.35087e-07,0,1,2.47394e-07,-0.704834,0.709372,-1.27141e-07,0,-1,-2.21659e-07,0.64077,-0.767733,-1.14797e-07,0.640771,-0.767732,-1.66261e-07,0,-1,7.42493e-08,-0.704834,0.709373,8.31307e-08,0,1,3.2355e-15,-1,4.37103e-08,7.42494e-08,0.704835,0.709371,-1.14797e-07,-0.64077,-0.767733,8.31307e-08,4.61454e-08,1,-1.66261e-07,0,-1,1.35087e-07,4.61454e-08,1,0.752966,1.19335e-07,-0.65806,-0.752965,-3.52001e-08,-0.658061,1,2.10885e-07,0,0.806101,1.86284e-07,0.591778,-0.8061,3.16547e-08,0.591779,1.60641e-07,4.61454e-08,1,-1.60641e-07,0,-1,1.60641e-07,0,1,0.806101,0,0.591778,1,0,0,0.752966,0,-0.65806,8.31307e-08,0,1,-1.66261e-07,-4.61454e-08,-1,-1.27141e-07,-4.61454e-08,-1,-0.752965,-1.78628e-07,-0.65806,-1,-2.10885e-07,0,-0.8061,-1.32963e-07,0.591779,-1.60641e-07,-4.61454e-08,-1],
    "faces":[43,23,12,3,17,0,0,1,2,3,0,0,0,0,43,48,44,7,18,0,4,5,6,7,1,1,1,1,43,20,11,5,19,0,8,9,10,11,2,2,2,2,43,40,35,1,16,0,12,13,14,15,3,3,3,3,43,52,10,4,45,0,16,17,18,19,4,4,4,4,43,36,9,1,35,0,20,21,14,13,5,5,5,5,43,39,12,9,36,0,20,21,21,20,6,6,6,6,43,53,13,10,52,0,16,17,17,16,7,7,7,7,43,22,15,11,20,0,8,9,9,8,8,8,8,8,43,16,1,9,21,0,15,14,21,22,9,9,9,9,43,18,7,15,22,0,11,10,9,8,10,10,10,10,43,50,6,13,53,0,19,18,17,16,11,11,11,11,43,33,3,12,39,0,13,14,21,20,12,12,12,12,43,21,9,12,23,0,0,1,1,0,13,13,13,13,43,28,21,23,30,0,23,0,0,23,14,14,14,14,43,25,18,22,29,0,24,11,8,25,15,15,15,15,43,31,16,21,28,0,26,15,22,27,16,16,16,16,43,29,22,20,27,0,25,8,8,25,17,17,17,17,43,43,40,16,31,0,28,12,15,26,18,18,18,18,43,27,20,19,26,0,25,8,11,24,19,19,19,19,43,49,48,18,25,0,29,30,11,24,20,20,20,20,43,30,23,17,24,0,23,0,3,31,21,21,21,21,43,14,30,24,2,0,32,23,31,33,22,22,22,22,43,50,49,25,6,0,19,29,24,18,23,23,23,23,43,10,27,26,4,0,34,35,36,37,24,24,24,24,43,31,0,34,43,0,26,39,38,28,25,25,25,25,43,13,29,27,10,0,17,25,25,17,26,26,26,26,43,0,31,28,8,0,39,26,27,40,27,27,27,27,43,6,25,29,13,0,18,24,25,17,28,28,28,28,43,8,28,30,14,0,32,23,23,32,13,13,13,13,43,45,55,43,34,0,41,42,43,44,29,29,29,29,43,2,24,42,32,0,33,31,45,46,30,30,30,30,43,24,17,41,42,0,31,3,47,45,20,20,20,20,43,55,54,40,43,0,48,49,50,51,31,31,31,31,43,44,33,39,47,0,52,53,54,55,32,32,32,32,43,2,32,38,14,0,33,46,56,32,33,33,33,33,43,14,38,37,8,0,32,56,56,32,7,7,7,7,43,47,39,36,46,0,55,54,54,55,34,34,34,34,43,46,36,35,51,0,55,54,53,52,35,35,35,35,43,34,0,8,37,0,46,33,32,56,36,36,36,36,43,54,51,35,40,0,57,58,59,60,37,37,37,37,43,17,3,33,41,0,15,14,13,12,38,38,38,38,43,19,5,51,54,0,61,62,63,64,39,39,39,39,43,11,46,51,5,0,9,55,52,10,40,40,40,40,43,15,47,46,11,0,9,55,55,9,41,41,41,41,43,7,44,47,15,0,10,52,55,9,42,42,42,42,43,26,19,54,55,0,65,66,67,68,18,18,18,18,43,4,26,55,45,0,37,36,69,70,43,43,43,43,43,32,42,49,50,0,46,45,29,19,44,44,44,44,43,42,41,48,49,0,45,47,30,29,45,45,45,45,43,32,50,53,38,0,46,19,16,56,46,46,46,46,43,38,53,52,37,0,56,16,16,56,47,47,47,47,43,37,52,45,34,0,56,16,19,46,48,48,48,48,43,41,33,44,48,0,47,53,52,30,49,49,49,49]
}