{
    "vertices":[-0.2,1.87569,2.3,-0.2,6.07569,2.3,-0.2,1.87569,-2.3,-0.2,6.07569,-2.3,0.2,1.87569,2.3,0.2,6.07569,2.3,0.2,1.87569,-2.3,0.2,6.07569,-2.3,-0.4,6,2.2,-0.4,8,2.2,-0.4,6,-2.2,-0.4,8,-2.2,0.4,6,2.2,0.4,8,2.2,0.4,6,-2.2,0.4,8,-2.2,-0.4,1.52668e-06,2.2,-0.4,2,2.2,-0.4,1.33435e-06,-2.2,-0.4,2,-2.2,0.4,1.52668e-06,2.2,0.4,2,2.2,0.4,1.33435e-06,-2.2,0.4,2,-2.2,-0.4,3.80672e-07,-2.2,-0.4,8,-2.2,-0.4,2.14569e-07,-6,-0.4,8,-6,0.4,3.80672e-07,-2.2,0.4,8,-2.2,0.4,2.14569e-07,-6,0.4,8,-6,-0.4,7.39105e-07,6,-0.4,8,6,-0.4,5.73002e-07,2.2,-0.4,8,2.2,0.4,7.39105e-07,6,0.4,8,6,0.4,5.73002e-07,2.2,0.4,8,2.2],
    "normals":[-1,0,0,0,-5.67663e-08,-1,1,0,0,0,5.67663e-08,1,0,-1,5.18301e-08,0,1,0,-0,0,-1,-0,0,1,0,-1,-0,-0,0,1,0,-1,4.37114e-08,-1,0,0,0,-5.96046e-08,-1,1,0,0,0,2.98023e-08,1,0,-1,4.37114e-08,0,1,-1.25483e-07,0,-2.98023e-08,-1,0,5.96047e-08,1,0,-1,4.37114e-08],
    "metadata":{
        "generator":"io_three",
        "normals":20,
        "faces":30,
        "uvs":1,
        "vertices":40,
        "version":3,
        "type":"Geometry",
        "materials":2
    },
    "faces":[43,0,1,3,2,1,0,1,2,3,0,0,0,0,43,2,3,7,6,1,4,5,5,4,1,1,1,1,43,6,7,5,4,1,4,5,6,7,2,2,2,2,43,1,0,4,5,1,6,7,7,6,3,3,3,3,43,4,0,2,6,1,7,7,4,4,4,4,4,4,43,7,3,1,5,1,5,5,6,6,5,5,5,5,43,8,9,11,10,0,8,9,10,11,0,0,0,0,43,10,11,15,14,0,11,10,10,11,6,6,6,6,43,14,15,13,12,0,11,10,9,8,2,2,2,2,43,12,13,9,8,0,8,9,9,8,7,7,7,7,43,10,14,12,8,0,11,11,8,8,8,8,8,8,43,15,11,9,13,0,10,10,9,9,5,5,5,5,43,16,17,19,18,0,12,13,14,15,0,0,0,0,43,18,19,23,22,0,15,14,14,15,6,6,6,6,43,22,23,21,20,0,15,14,13,12,2,2,2,2,43,20,21,17,16,0,12,13,13,12,9,9,9,9,43,18,22,20,16,0,15,15,12,12,10,10,10,10,43,23,19,17,21,0,14,14,13,13,5,5,5,5,43,24,25,27,26,0,16,10,17,18,11,11,11,11,43,26,27,31,30,0,18,17,17,18,12,12,12,12,43,30,31,29,28,0,18,17,10,16,13,13,13,13,43,28,29,25,24,0,16,10,10,16,14,14,14,14,43,26,30,28,24,0,18,18,16,16,15,15,15,15,43,31,27,25,29,0,17,17,10,10,16,16,16,16,43,32,33,35,34,0,19,20,21,22,0,0,0,0,43,34,35,39,38,0,22,21,21,22,17,17,17,17,43,38,39,37,36,0,22,21,20,19,2,2,2,2,43,36,37,33,32,0,19,20,20,19,18,18,18,18,43,34,38,36,32,0,22,22,19,19,19,19,19,19,43,39,35,33,37,0,21,21,20,20,5,5,5,5],
    "materials":[{
        "DbgIndex":0,
        "transparent":false,
        "specularCoef":50,
        "mapDiffuse":"Window.png",
        "shading":"phong",
        "wireframe":false,
        "depthWrite":true,
        "mapDiffuseRepeat":[1,1],
        "depthTest":true,
        "colorSpecular":[0.5,0.5,0.5],
        "visible":true,
        "colorEmissive":[0,0,0],
        "opacity":1,
        "DbgColor":15658734,
        "mapDiffuseWrap":["repeat","repeat"],
        "blending":1,
        "colorDiffuse":[0.64,0.64,0.64],
        "doubleSided":false,
        "DbgName":"Material.001",
        "mapDiffuseAnisotropy":1
    },{
        "DbgIndex":1,
        "transparent":false,
        "specularCoef":50,
        "mapDiffuse":"Window.png",
        "shading":"phong",
        "wireframe":false,
        "depthWrite":true,
        "mapDiffuseRepeat":[1,1],
        "depthTest":true,
        "colorSpecular":[0.5,0.5,0.5],
        "visible":true,
        "colorEmissive":[0,0,0],
        "opacity":1,
        "DbgColor":15597568,
        "mapDiffuseWrap":["repeat","repeat"],
        "blending":1,
        "colorDiffuse":[0.64,0.64,0.64],
        "doubleSided":false,
        "DbgName":"Material",
        "mapDiffuseAnisotropy":1
    }],
    "uvs":[[0.307186,0.0641264,0.307186,0.406348,0.682,0.406348,0.682,0.0641264,0.596137,0.180382,0.596137,0.364268,0.394738,0.364268,0.394738,0.180382,0.409587,0.868762,0.409587,0.953086,0.595101,0.953086,0.595101,0.868762,0.409587,0.615788,0.409587,0.700113,0.595101,0.700113,0.595101,0.615788,0.595101,0.615788,0.755317,0.953086,0.755317,0.615788,0.24937,0.615788,0.24937,0.953086,0.409587,0.953086,0.409587,0.615788]]
}