{
    "uvs":[[0,0.909091,0,0.454546,0.152672,0.454546,0.152672,0.909091,0.885496,0.121212,0.885496,0,1,1.8062e-08,1,0.121212,0.610687,0.454545,0.610687,0,0.763359,3.6124e-08,0.763359,0.0284091,0.763359,0.170454,0.763359,0.454545,0,1.44496e-07,0.305343,0,0.305344,0.454545,7.27995e-08,0.454545,0.152672,1,0.152672,0.878788,0.267175,0.878788,0.267175,1,0.877863,0.242424,0.877863,0.363636,0.763359,0.363636,0.763359,0.242424,0.580153,0.939394,0.458015,0.939394,0.458015,0.69697,0.580153,0.69697,0.458015,0.69697,0.458015,0.454546,0.580153,0.454546,0.580153,0.69697,0.580153,0.69697,0.580153,0.454546,0.70229,0.454546,0.70229,0.69697,0.992366,0.363636,0.877863,0.242424,0.992366,0.242424,0.267176,0.878788,0.152672,0.878788,0.152672,0.757576,0.267176,0.757576,0.381679,0.878788,0.267176,0.878788,0.381679,0.757576,0.763359,0,0.885496,0,0.885496,0.242424,0.763359,0.242424,0.824427,0.69697,0.824427,0.454546,0.946565,0.454546,0.946565,0.69697,0.610687,0.454545,0.580153,0.454545,0.580153,0.426136,0.580153,0.3125,0.335878,0.3125,0.335878,0.426136,0.427481,0.426136,0.427481,0.454545,0.305344,0.454545,0.305344,0.170455,0.335878,0.170455,0.335878,0.284091,0.580153,0.284091,0.580153,0.170454,0.580153,0.142045,0.580153,0.028409,0.335878,0.0284091,0.305344,0.0284091,0.305344,7.2248e-08,0.610687,0,0.152672,0.757576,0.152672,0.454546,0.305343,0.454546,0.305343,0.757576,0.458015,0.454546,0.458015,0.757576,0.305343,0.757576,0.305343,0.636364,0.305343,0.484849,0.305343,0.454546,0.335878,0.142045,0.816794,0.69697,0.816794,0.939394,0.70229,0.939394,0.70229,0.69697,0.70229,0.545455,0.824427,0.454546,0.931297,0.939394,0.816794,0.939394,0.816794,0.69697,0.931297,0.69697,0.694656,0.939394,0.580153,0.939394,0.580153,0.69697,0.694656,0.69697]],
    "metadata":{
        "uvs":1,
        "faces":52,
        "vertices":37,
        "type":"Geometry",
        "generator":"io_three",
        "normals":52,
        "version":3,
        "materials":1
    },
    "normals":[-5.66244e-07,6.95387e-08,1,3.72529e-07,-7.94728e-08,-1,4.76837e-07,-1.19209e-07,-1,3.57628e-07,-6.35783e-07,-1,0.287348,-7.30763e-08,-0.957826,4.52995e-07,-1.27156e-07,-1,-1,-7.94729e-08,-2.98023e-07,3.72529e-07,2.38419e-07,-1,3.72529e-07,1.58946e-07,-1,1.49012e-07,-1,4.16334e-14,2.98023e-07,-1,6.66134e-14,-2.98023e-07,1,-8.88178e-14,-3.72529e-07,7.94727e-08,1,-3.72529e-07,7.94727e-08,1,-3.72529e-07,7.94728e-08,1,1.49012e-07,-1,7.45059e-08,-1.49012e-07,1,-5.27356e-14,1,1.58946e-07,-6.94774e-15,1,0,2.38418e-06,1,1.51582e-13,2.38419e-07,0,1,-0,0.707107,2.24783e-07,-0.707107,1,4.23855e-07,1.98682e-07,0.83205,0,0.5547,1,3.17891e-07,5.96046e-07,1,1.41285e-07,4.63592e-07,1,6.35783e-08,-3.57628e-07,1,1.27157e-07,5.96045e-07,1,2.36848e-14,2.98023e-07,1,-4.23855e-07,3.97364e-07,0.124035,7.88592e-08,0.992278,1,-0,0,1,6.35783e-07,2.98023e-07,1,0,-0,1,0,3.72529e-07,-0,1,0,0,-1,4.37114e-08,-3.07965e-15,-1,4.37114e-08,8.88179e-15,-1,4.37114e-08,-3.55271e-15,-1,4.37114e-08,1,-9.4739e-14,2.98023e-07,1,3.8147e-07,5.96047e-07,1,3.17891e-07,0,1,1.89478e-13,2.98023e-07,1,-3.78956e-13,-1.19209e-06,1,3.97364e-08,2.79397e-07,-1.49012e-07,1,-4.47035e-08,-1.49012e-07,1,-2.48353e-08,-1.39698e-07,1,-3.72529e-08,1,0,2.38419e-07,1,2.38419e-07,2.98023e-07,1,2.38419e-07,2.6077e-07],
    "vertices":[0.492568,4.37114e-08,1,-0.507432,4.37114e-08,1,-0.507432,-4.37114e-08,-1,0.492568,-4.37114e-08,-1,0.492567,3,1,-0.507433,3,0.999999,-0.507432,3,-1,0.492568,3,-1,0.492568,1.875,-1,0.492568,2.8125,-1,0.492568,3.49691e-08,0.8,0.492568,-8.74227e-09,-0.2,0.492567,2.8125,0.8,0.492568,2.8125,-0.8,0.492567,2.0625,0.8,0.492568,2.0625,-0.8,0.492567,1.875,0.8,0.492568,1.875,-0.8,0.492567,1.125,0.8,0.492568,1.125,-0.8,0.492568,0.9375,0.8,0.492568,0.9375,-0.8,0.492568,0.1875,0.8,0.492568,0.1875,-0.2,0.492568,0.1875,-0.8,-0.307433,2.8125,0.8,-0.307433,2.8125,-0.8,-0.307433,2.0625,0.8,-0.307432,2.0625,-0.8,-0.307433,1.875,0.8,-0.307432,1.875,-0.8,-0.307433,1.125,0.8,-0.307432,1.125,-0.8,-0.307433,0.9375,0.8,-0.307432,0.9375,-0.8,-0.307433,0.1875,0.8,-0.307432,0.1875,-0.8],
    "materials":[{
        "shading":"phong",
        "colorEmissive":[0,0,0],
        "mapDiffuseWrap":["repeat","repeat"],
        "transparent":false,
        "DbgColor":15658734,
        "blending":1,
        "mapDiffuseAnisotropy":1,
        "depthTest":true,
        "doubleSided":false,
        "visible":true,
        "mapDiffuseRepeat":[1,1],
        "opacity":1,
        "DbgName":"Material",
        "mapDiffuse":"texture_kast_open.png",
        "specularCoef":50,
        "colorDiffuse":[0.64,0.64,0.64],
        "wireframe":false,
        "depthWrite":true,
        "colorSpecular":[0.5,0.5,0.5],
        "DbgIndex":0
    }],
    "faces":[43,0,4,5,1,0,0,1,2,3,0,0,0,0,43,22,35,33,20,0,4,5,6,7,1,1,1,1,42,3,2,6,0,13,8,9,2,2,2,42,6,7,9,0,9,10,11,3,3,3,42,9,8,3,0,11,12,13,4,4,4,42,6,9,3,0,9,11,13,5,5,5,43,5,6,2,1,0,14,15,16,17,6,6,6,6,43,14,27,25,12,0,18,19,20,21,7,7,7,7,43,18,31,29,16,0,22,23,24,25,8,8,8,8,43,16,29,30,17,0,26,27,28,29,9,9,9,9,43,13,12,25,26,0,30,31,32,33,10,10,10,10,43,14,15,28,27,0,34,35,36,37,11,11,11,11,43,19,17,30,32,0,38,23,39,40,12,12,12,12,43,15,13,26,28,0,41,42,43,44,13,13,13,13,43,24,21,34,36,0,45,46,44,47,14,14,14,14,43,20,33,34,21,0,48,49,50,51,15,15,15,15,43,18,19,32,31,0,52,53,54,55,16,16,16,16,42,4,0,10,0,75,56,57,17,17,17,42,4,10,22,0,75,57,58,18,18,18,42,9,7,4,0,73,74,75,19,19,19,42,12,13,9,0,71,72,73,20,20,20,42,18,16,14,0,68,69,70,21,21,21,42,12,9,4,0,71,73,75,22,22,22,42,18,14,12,0,68,70,71,23,23,23,42,8,17,19,0,65,66,67,24,24,24,42,18,12,4,0,68,71,75,25,25,25,42,3,8,19,0,64,65,67,26,26,26,42,18,4,22,0,68,75,58,27,27,27,42,23,11,3,0,62,63,64,28,28,28,42,24,23,3,0,61,62,64,29,29,29,42,18,22,20,0,68,58,59,30,30,30,42,21,24,3,0,60,61,64,31,31,31,42,18,20,21,0,68,59,60,32,32,32,42,21,3,19,0,60,64,67,33,33,33,42,21,19,18,0,60,67,68,34,34,34,43,4,7,6,5,0,76,77,78,79,35,35,35,35,42,0,1,2,0,85,80,81,36,36,36,42,2,3,11,0,81,82,83,37,37,37,42,10,0,2,0,84,85,81,38,38,38,42,2,11,10,0,81,83,84,39,39,39,42,14,16,17,0,70,69,66,40,40,40,42,17,8,9,0,66,65,73,41,41,41,42,9,13,15,0,73,72,86,42,42,42,42,15,14,17,0,86,70,66,43,43,43,42,17,9,15,0,66,73,86,44,44,44,43,35,36,34,33,0,87,88,89,90,45,45,45,45,42,35,22,23,0,52,90,91,46,46,46,42,23,24,36,0,91,36,92,47,47,47,42,23,36,35,0,91,92,52,48,48,48,43,10,11,23,22,0,57,63,62,58,49,49,49,49,43,32,30,29,31,0,93,94,95,96,50,50,50,50,43,25,27,28,26,0,97,98,99,100,51,51,51,51]
}